,lon,lat,Year,geometry,lon_m,lat_m
0000FRBRMN2,-0.755953,51.296698,1838.0,POINT (-0.755953 51.296698),486832.74144773965,156020.25558935187
9100HTRWTE4,-0.446419,51.458837,1999.0,POINT (-0.446419 51.458837),508030.8419187698,174462.06217799208
910GABWD,0.121394,51.491062,1999.0,POINT (0.121394 51.491062),547372.0715151014,179035.03864328127
910GACTNCTL,-0.262971,51.508716,1853.0,POINT (-0.262971 51.508716),520643.39014714403,180294.99907422304
910GACTONML,-0.266756,51.51718,1868.0,POINT (-0.266756 51.51718),520358.4358943373,181229.99909136427
910GADLESTN,-0.484457,51.373046,1848.0,POINT (-0.484457 51.373046),505585.6535780951,164866.32948001235
910GALBNYPK,0.125737,51.435453,1935.0,POINT (0.125737 51.435453),547853.1764000682,172860.16787061963
910GALEXNDP,-0.120235,51.597924,1873.0,POINT (-0.120235 51.597924),530293.2675316593,190459.84695755364
910GAMERSHM,-0.60759,51.674207,1892.0,POINT (-0.60759 51.674207),496377.88870678353,198187.8516554286
910GANERLEY,-0.065886,51.412153,1839.0,POINT (-0.065886 51.412153),534603.1841669581,169900.2260529613
910GANGELRD,-0.049239,51.612412,1840.0,POINT (-0.049239 51.612412),535167.2612373361,192199.92659959762
910GAPSLEY,-0.462935,51.732522,1938.0,POINT (-0.462935 51.732522),506243.53065065126,204873.46201271057
910GASFDMSX,-0.468071,51.436507,1848.0,POINT (-0.468071 51.436507),506578.5770009347,171947.18146476062
910GASHD,-0.307572,51.317874,1859.0,POINT (-0.307572 51.317874),518038.32065154397,159000.32281216412
910GASHFKY,0.876197,51.143706,1842.0,POINT (0.876197 51.143706),601279.8028754635,142204.17428576085
910GBALHAM,-0.152707,51.443259,1863.0,POINT (-0.152707 51.443259),528478.4966895276,173203.40613166708
910GBANSTED,-0.213159,51.329349,1865.0,POINT (-0.213159 51.329349),524586.2411037207,160432.3273992862
910GBARKING,0.080988,51.539413,1854.0,POINT (0.080988 51.539413),544414.3233695058,184331.10384183616
910GBARNES,-0.242164,51.467086,1846.0,POINT (-0.242164 51.467086),522198.4029119288,175700.1158131645
910GBATABAL,0.194228,51.289761,1862.0,POINT (0.194228 51.289761),553098.1290568254,156800.3143443007
910GBATRSPK,-0.147533,51.47696,1865.0,POINT (-0.147533 51.47696),528743.3131324844,176960.08019899385
910GBAYFORD,-0.09561,51.757716,1924.0,POINT (-0.09561 51.757716),531535.1853373653,208273.60528871918
910GBCKNHMH,-0.015951,51.424583,1892.0,POINT (-0.015951 51.424583),538038.1878155374,171375.24611963582
910GBCKNHMJ,-0.026016,51.411175,1857.0,POINT (-0.026016 51.411175),537378.6253829758,169865.40201195213
910GBCNSFLD,-0.643822,51.611291,1906.0,POINT (-0.643822 51.611291),494002.67449265666,191143.8285093187
910GBCWD,-0.359115,51.705428,1858.0,POINT (-0.359115 51.705428),513480.4174750591,202016.6127591249
910GBELM,-0.198855,51.343815,1865.0,POINT (-0.198855 51.343815),525543.2606116942,162065.32575234838
910GBELNGHM,-0.019331,51.432913,1892.0,POINT (-0.019331 51.432913),537778.1782796839,172295.18238812167
910GBELVEDR,0.152286,51.492118,1859.0,POINT (0.152286 51.492118),549513.0438087794,179215.06267781951
910GBERKHMD,-0.562013,51.763134,1838.0,POINT (-0.562013 51.763134),499334.4249082811,208138.37593471218
910GBEXLEY,0.147903,51.440219,1866.0,POINT (0.147903 51.440219),549378.2183374781,173435.06860378227
910GBHILLPK,-0.069221,51.641519,1880.0,POINT (-0.069221 51.641519),533698.1987399486,195399.91747374047
910GBICKLEY,0.045241,51.400104,1858.0,POINT (0.045241 51.400104),542368.2578762807,168770.11949511716
910GBILERCY,0.41863,51.628884,1889.0,POINT (0.41863 51.628884),567498.0924003768,194999.83846957504
910GBIRKBCK,-0.055733,51.403893,1930.0,POINT (-0.055733 51.403893),535333.5756774637,169000.41222046525
910GBLCHSRD,-0.041185,51.586768,1894.0,POINT (-0.041185 51.586768),535801.2443375982,189363.11793394783
910GBLFR,-0.104166,51.509613,1999.0,POINT (-0.104166 51.509613),531660.6880877072,180668.1932742977
910GBLKHTH,0.008872,51.465796,1849.0,POINT (0.008872 51.465796),539638.2293118009,176005.08843017765
910GBNHAM,-0.646374,51.523506,1899.0,POINT (-0.646374 51.523506),494006.76495983975,181377.93892418616
910GBNSBDGE,-0.25263,51.472009,1916.0,POINT (-0.25263 51.472009),521458.41350347997,176230.1776525898
910GBNTFORD,-0.309651,51.487547,1849.0,POINT (-0.309651 51.487547),517458.475913178,177865.128819197
910GBOOKHAM,-0.384021,51.288739,1885.0,POINT (-0.384021 51.288739),512782.3840000244,155640.42428700588
910GBOWESPK,-0.120582,51.607012,1880.0,POINT (-0.120582 51.607012),530243.2629378919,191469.8598004728
910GBOXHAWH,-0.32849,51.254012,1867.0,POINT (-0.32849 51.254012),516742.3875929435,151865.43538409012
910GBRBY,-0.202309,51.545166,1860.0,POINT (-0.202309 51.545166),524753.2601634532,184449.94172537368
910GBRBYPK,-0.209902,51.540929,1904.0,POINT (-0.209902 51.540929),524238.3154013536,183965.86624850897
910GBRIMSDN,-0.030817,51.655583,1884.0,POINT (-0.030817 51.655583),536313.2160654505,197034.88808151992
910GBRIXTON,-0.114531,51.462961,1862.0,POINT (-0.114531 51.462961),531075.045427767,175461.86980027548
910GBRKMNPK,-0.204549,51.721062,1926.0,POINT (-0.204549 51.721062),524117.40901079075,204006.69555180683
910GBRKWOOD,-0.635748,51.303758,1864.0,POINT (-0.635748 51.303758),495198.7809619569,156954.3733994166
910GBRLANDS,-0.280714,51.399045,1933.0,POINT (-0.280714 51.399045),519698.40233257355,168070.2202313317
910GBRNHRST,0.159646,51.464959,1895.0,POINT (0.159646 51.464959),550113.1148929344,176210.0995808264
910GBROCKLY,-0.037537,51.464649,1871.0,POINT (-0.037537 51.464649),536418.1952172597,175790.14822227228
910GBROMLYN,0.016993,51.408328,1878.0,POINT (0.016993 51.408328),540378.2257235027,169630.22462462645
910GBROMLYS,0.017344,51.399976,1858.0,POINT (0.017344 51.399976),540428.2082391841,168702.1503391561
910GBROXBRN,-0.011087,51.74691,1840.0,POINT (-0.011087 51.74691),537401.1880429769,207227.5298528496
910GBRTWOOD,0.299586,51.613605,1840.0,POINT (0.299586 51.613605),559313.120528743,193034.80895170296
910GBRUCGRV,-0.069867,51.593959,1872.0,POINT (-0.069867 51.593959),533793.2766869528,190109.918383012
910GBTHNLGR,-0.059568,51.523917,1946.0,POINT (-0.059568 51.523917),534713.1501524266,182339.96596640925
910GBUSHEY,-0.384752,51.645582,1841.0,POINT (-0.384752 51.645582),511856.2194329614,195321.68545964494
910GBXLYHTH,0.133735,51.4635,1895.0,POINT (0.133735 51.4635),548318.1248687024,175995.09526628035
910GBYFLANH,-0.48139,51.349797,1927.0,POINT (-0.48139 51.349797),505852.58813578123,162285.37530507083
910GCAMHTH,-0.057279,51.531973,1999.0,POINT (-0.057279 51.531973),534848.1342430776,183240.03824521904
910GCANONST,-0.090357,51.511451,1999.0,POINT (-0.09035700000000001 51.511451),532613.5664205077,180897.49290486157
910GCATERHM,-0.078307,51.282141,1856.0,POINT (-0.078307 51.282141),534118.1539519586,155420.2737247505
910GCATFBDG,-0.024791,51.444741,1857.0,POINT (-0.024791 51.444741),537363.2182863146,173600.20614771522
910GCATFORD,-0.026317,51.444407,1892.0,POINT (-0.026317 51.444407),537258.1782578654,173560.2082021291
910GCBARPAR,-0.331549,51.522931,1906.0,POINT (-0.331549 51.522931),515848.4409027388,181765.1144870874
910GCFPK,-0.036503,51.455189,1892.0,POINT (-0.036503 51.455189),536518.2212276037,174740.1356970952
910GCHADHDD,0.287447,51.485557,1993.0,POINT (0.287447 51.485557),558918.0364033105,178770.07590401702
910GCHDWLHT,0.128958,51.568039,1864.0,POINT (0.128958 51.568039),547648.1288325393,187610.04885477806
910GCHEAM,-0.214167,51.355479,1844.0,POINT (-0.214167 51.355479),524445.2951258088,163336.2850855473
910GCHESHNT,-0.02396,51.702876,1846.0,POINT (-0.02396 51.702876),536645.1686986123,202306.70374885073
910GCHINGFD,0.009897,51.633087,1873.0,POINT (0.009897 51.633087),539198.1866651473,194610.0419240676
910GCHISWCK,-0.267835,51.481137,1849.0,POINT (-0.267835 51.481137),520378.44023115817,177220.1552305087
910GCHLFNAL,-0.560519,51.668109,1889.0,POINT (-0.560519 51.668109),499645.9869048814,197572.78380658693
910GCHLMSFD,0.468572,51.736373,1843.0,POINT (0.468572 51.736373),570550.2505903443,207067.4610032431
910GCHLSFLD,0.10907,51.356256,1868.0,POINT (0.10907 51.356256),546948.144847594,164020.02625799243
910GCHRW,-0.518312,51.654249,1889.0,POINT (-0.518312 51.654249),502596.06843156926,196089.80661160272
910GCHRX,-0.126137,51.507819,1999.0,POINT (-0.126137 51.507819),530141.2146462606,180429.4399974448
910GCHSD,-0.169503,51.309277,1899.0,POINT (-0.169503 51.309277),527683.2002722269,158275.37011639122
910GCHSLHRS,0.057418,51.405557,1865.0,POINT (0.057418 51.405557),543198.2391232748,169400.18517313793
910GCHSSN,-0.300699,51.364041,1939.0,POINT (-0.300699 51.364041),518398.37521068845,164145.3277540856
910GCHSSS,-0.308157,51.35655,1939.0,POINT (-0.308157 51.35655),517898.3858278431,163300.31867436587
910GCHTSEY,-0.509317,51.387069,1848.0,POINT (-0.509317 51.387069),503823.6721374136,166390.28237074713
910GCLANDON,-0.502766,51.264005,1885.0,POINT (-0.502766 51.264005),504558.45503755886,152714.43450317244
910GCLAPTON,-0.057025,51.561644,1873.0,POINT (-0.057025 51.561644),534778.1600551169,186539.9869188798
910GCLDNNRB,-0.116729,51.543041,1850.0,POINT (-0.116729 51.543041),530693.2166284632,184362.91013054905
910GCLOCKHS,-0.040657,51.408586,1864.0,POINT (-0.040657 51.408586),536368.1806175138,169550.1964800597
910GCLPHHS,-0.132522,51.465481,1866.0,POINT (-0.132522 51.465481),529818.2128816465,175710.07243838423
910GCLPHMJ1,-0.168997,51.463724,1863.0,POINT (-0.168997 51.463724),527289.6164296548,175450.7232363093
910GCLPHMJC,-0.168997,51.463724,1863.0,POINT (-0.168997 51.463724),527289.6164296548,175450.7232363093
910GCMDNRD,-0.138701,51.541791,1870.0,POINT (-0.138701 51.541791),529173.215103236,184184.92044123454
910GCNDAW,-0.049667,51.498053,1999.0,POINT (-0.049667 51.498053),535476.6580266958,179482.1205537754
910GCNNB,-0.092191,51.548732,1869.0,POINT (-0.092191 51.548732),532378.1655454561,185039.89388951665
910GCOLSDNS,-0.137887,51.315838,1889.0,POINT (-0.137887 51.315838),529868.2186689528,159060.33184185272
910GCOLSTWN,-0.134464,51.322043,1904.0,POINT (-0.134464 51.322043),530089.2261396224,159756.37173217814
910GCRFD,0.178936,51.44828,1866.0,POINT (0.178936 51.44828),551508.1543949492,174395.12168770423
910GCRHL,-0.106887,51.684486,1910.0,POINT (-0.106887 51.684486),530968.2422179935,200109.84890501725
910GCRKLWD,-0.212677,51.558453,1868.0,POINT (-0.212677 51.558453),523998.2738687616,185909.86787616735
910GCRLN,0.031258,51.486813,1849.0,POINT (0.031258 51.486813),541128.2418933717,178385.04858064174
910GCROUCHH,-0.117149,51.571302,1868.0,POINT (-0.117149 51.571302),530583.197737577,187504.86222823878
910GCRPNDPK,-0.385939,51.628351,1932.0,POINT (-0.385939 51.628351),511816.4697226203,193403.6938845545
910GCRSHLTB,-0.169797,51.357411,1868.0,POINT (-0.169797 51.357411),527529.2503544214,163627.30325552542
910GCRSHLTN,-0.166368,51.368454,1868.0,POINT (-0.166368 51.368454),527737.2851074005,164861.2317254654
910GCRYSTLP,-0.072605,51.418111,1854.0,POINT (-0.072605 51.418111),534118.5273159936,170550.4379393782
910GCSEAH,-0.183084,51.47555,2009.0,POINT (-0.183084 51.47555),526278.5175024454,176741.4341115869
910GCTMSLNK,-0.10359,51.513936,1999.0,POINT (-0.10359 51.513936),531688.1952134591,181149.94697794225
910GCUFFLEY,-0.109783,51.708722,1910.0,POINT (-0.109783 51.708722),530698.3167149725,202799.84028977924
910GDALS,-0.075137,51.546116,2010.0,POINT (-0.075137 51.546116),533568.1945830707,184780.01088285533
910GDALSKLD,-0.075701,51.548148,1983.0,POINT (-0.075701 51.548148),533523.1486138226,185004.94458197185
910GDARTFD,0.219248,51.447371,1849.0,POINT (0.219248 51.447371),554312.0922478788,174378.0957600259
910GDATCHET,-0.579422,51.483077,1848.0,POINT (-0.579422 51.483077),498738.8132200512,176970.01686705928
910GDENHAM,-0.497437,51.578837,1906.0,POINT (-0.497437 51.578837),504212.55019401986,187732.88167103956
910GDENHMGC,-0.517787,51.580598,1912.0,POINT (-0.517787 51.580598),502798.5732329114,187899.95427473326
910GDENMRKH,-0.089361,51.468203,1866.0,POINT (-0.089361 51.468203),532808.205062851,176090.1063167355
910GDEPTFD,-0.02627,51.478848,1836.0,POINT (-0.02627 51.478848),537158.2073780161,177390.10033544747
910GDGNHMDC,0.145904,51.526156,1908.0,POINT (0.145904 51.526156),548959.0459126774,182987.0216216718
910GDRAYGRN,-0.330194,51.516617,1905.0,POINT (-0.330194 51.516617),515958.47189466225,181065.11092918977
910GDRYP,-0.105509,51.55277,1904.0,POINT (-0.105509 51.55277),531443.1824151828,185464.90035332745
910GDTNG,0.170937,51.29649,1868.0,POINT (0.170937 51.29649),551452.0474821004,157500.24148060998
910GEALINGB,-0.302131,51.514993,1838.0,POINT (-0.302131 51.514993),517909.73644642753,180929.28868082823
910GEBSFDOM,0.320921,51.442973,2007.0,POINT (0.320921 51.442973),561391.977218258,174108.14363896992
910GECROYDN,-0.091172,51.375995,1841.0,POINT (-0.091172 51.375995),532949.5488164272,165833.267965712
910GEDMNGRN,-0.061112,51.624929,1872.0,POINT (-0.061112 51.624929),534308.3058678054,193569.95135544497
910GEDPK,-0.026355,51.390091,1882.0,POINT (-0.026355 51.390091),537418.1698279353,167520.22233047022
910GEDULWCH,-0.080572,51.461494,1868.0,POINT (-0.080572 51.461494),533438.1918449289,175360.04034901282
910GEFNGHMJ,-0.419965,51.291495,1888.0,POINT (-0.419965 51.291495),510269.4330282111,155892.343896755
910GEGHAM,-0.546512,51.429647,1856.0,POINT (-0.546512 51.429647),501141.7151645791,171073.21017887298
910GELMERSE,-0.049429,51.398302,1864.0,POINT (-0.049429 51.398302),535788.5685891222,168390.3529743785
910GELMW,0.044274,51.417118,1904.0,POINT (0.044274 51.417118),542248.2041857622,170660.2011309901
910GELPHNAC,-0.099185,51.494505,1862.0,POINT (-0.099185 51.494505),532049.9702882831,178997.14237586968
910GELTHAM,0.052472,51.455644,1985.0,POINT (0.052472 51.455644),542698.1440974516,174960.15860461583
910GELTR,-0.280081,51.653069,1868.0,POINT (-0.280081 51.653069),519078.38849166397,196319.67673573078
910GEMRSPKH,0.220113,51.568642,1909.0,POINT (0.220113 51.568642),553963.1508004782,187864.8977499518
910GENFC,-0.090696,51.653254,1910.0,POINT (-0.090696 51.653254),532178.1890447075,196665.8386248707
910GENFLDLK,-0.028532,51.670922,1855.0,POINT (-0.028532 51.670922),536425.2241108742,198744.8755430804
910GENFLDTN,-0.079328,51.652026,1849.0,POINT (-0.079328 51.652026),532968.1352596651,196549.89409841737
910GEPSDNS,-0.238955,51.323688,1865.0,POINT (-0.238955 51.323688),522804.2328313695,159759.34973742455
910GEPSM,-0.268778,51.334393,1859.0,POINT (-0.268778 51.334393),520698.26126187283,160900.30544322435
910GERITH,0.175055,51.481671,1849.0,POINT (0.175055 51.481671),551128.1507959327,178100.1134582279
910GERLFLD,-0.187715,51.442337,1884.0,POINT (-0.187715 51.442337),526048.2873355774,173040.15148373332
910GESHER,-0.353338,51.379891,1838.0,POINT (-0.353338 51.379891),514694.4252855289,165824.29121669754
910GESSEXRD,-0.096276,51.540705,1904.0,POINT (-0.096276 51.540705),532118.1824873604,184139.8760029424
910GESTFLDS,-0.154646,51.407739,2008.0,POINT (-0.154646 51.407739),528443.2185064922,169250.2298896606
910GEUSTON,-0.132754,51.527365,1999.0,POINT (-0.132754 51.527365),529626.5510425861,182591.24030030292
910GEWELLE,-0.24153,51.3453,1847.0,POINT (-0.24153 51.3453),522567.2428765889,162158.32141002495
910GEWELW,-0.256987,51.350045,1859.0,POINT (-0.256987 51.350045),521478.2639214958,162660.30732223217
910GEYNSFD,0.204393,51.36272,1862.0,POINT (0.204393 51.36272),553563.098491682,164934.22812510282
910GFALCNWD,0.079305,51.459154,1936.0,POINT (0.079305 51.459154),544551.189419675,175403.0659841278
910GFELTHAM,-0.409838,51.447898,1848.0,POINT (-0.409838 51.447898),510598.55095271365,173300.13267213164
910GFENCHRS,-0.078897,51.511646,1999.0,POINT (-0.07889699999999999 51.511646),533408.1764436343,180939.9995296066
910GFNCHLYR,-0.183141,51.550266,1860.0,POINT (-0.183141 51.550266),526068.2271129629,185049.9072848583
910GFNPK,-0.105876,51.564778,1861.0,POINT (-0.105876 51.564778),531383.1771533717,186799.5652359604
910GFORESTH,-0.053157,51.43928,1839.0,POINT (-0.053157 51.43928),535408.2147129697,172940.16878519888
910GFRBRMN,-0.755436,51.296692,1838.0,POINT (-0.755436 51.296692),486868.79860072624,156020.19936078764
910GFRNDNLT,-0.105054,51.520214,1988.0,POINT (-0.105054 51.520214),531568.5316784931,181845.4329008223
910GFRNNGRD,0.235452,51.401666,1860.0,POINT (0.235452 51.401666),555593.0618206005,169330.20459166198
910GFRSTGT,0.024353,51.549432,1839.0,POINT (0.024353 51.549432),540456.1354741309,185334.98337158386
910GFULWELL,-0.349468,51.433935,1864.0,POINT (-0.349468 51.433935),514828.485924948,171840.15554177534
910GGERRDSX,-0.555275,51.589023,1906.0,POINT (-0.555275 51.589023),500182.65665395005,188784.894826753
910GGFORD,-0.345789,51.542657,1904.0,POINT (-0.345789 51.542657),514810.97419599496,183936.32851881953
910GGIDEAPK,0.205964,51.581904,1910.0,POINT (0.205964 51.581904),552938.1621452565,189309.9108215549
910GGIPSYH,-0.083836,51.424453,1856.0,POINT (-0.08383599999999999 51.424453),533319.1937006891,171235.174362553
910GGNHT,0.28029,51.450372,1849.0,POINT (0.28029 51.450372),558543.0663595356,174842.2292180421
910GGNRSBRY,-0.275276,51.491745,1869.0,POINT (-0.275276 51.491745),519833.987830338,178387.58813701017
910GGNWH,-0.014096,51.478235,1836.0,POINT (-0.014096 51.478235),538005.3909064555,177344.8014548163
910GGODMAYS,0.110807,51.565579,1901.0,POINT (0.110807 51.565579),546398.1574058337,187300.04745792417
910GGORDONH,-0.094997,51.664115,1910.0,POINT (-0.094997 51.664115),531849.1860816702,197865.87525922887
910GGOSPLOK,-0.15077,51.555335,1860.0,POINT (-0.15077 51.555335),528298.2370759452,185669.82173570478
910GGRAYS,0.321832,51.476248,1854.0,POINT (0.321832 51.476248),561338.0169318061,177810.140259267
910GGRPK,-0.097358,51.642607,1910.0,POINT (-0.097358 51.642607),531748.2127791008,195469.81942838174
910GGRSTH,-0.381741,51.686616,1966.0,POINT (-0.381741 51.686616),511963.3885034778,199889.61430769885
910GGRVPK,0.021726,51.430863,1871.0,POINT (0.021726 51.430863),540638.2110137031,172145.1348586413
910GGRVSEND,0.369771,51.44562,1849.0,POINT (0.369771 51.44562),564776.9253509474,174511.05750227364
910GGTMSNDN,-0.709141,51.703519,1892.0,POINT (-0.709141 51.703519),489298.4694372663,201318.6633609088
910GGUILDFD,-0.580425,51.23697,1845.0,POINT (-0.580425 51.23697),499198.5464308255,149600.5864916621
910GHACKNYC,-0.056058,51.547105,1980.0,POINT (-0.056058 51.547105),534888.1145993706,184925.00821340346
910GHACKNYW,-0.02492,51.54341,1980.0,POINT (-0.02492 51.54341),537058.0818373945,184571.90910123807
910GHADLYWD,-0.176172,51.668497,1885.0,POINT (-0.176172 51.668497),526223.3162822407,198209.7981306006
910GHAGGERS,-0.075666,51.538705,2010.0,POINT (-0.075666 51.538705),533553.1912150258,183954.91639653832
910GHAKNYNM,-0.060819,51.548757,1872.0,POINT (-0.060819 51.548757),534553.1533989863,185099.94574254815
910GHAMPTON,-0.372119,51.415934,1864.0,POINT (-0.372119 51.415934),513298.5141499918,169803.09668864467
910GHAMWICK,-0.312489,51.414524,1863.0,POINT (-0.312489 51.414524),517448.53723273455,169740.13276812772
910GHANWELL,-0.338583,51.511835,1839.0,POINT (-0.338583 51.511835),515388.5069090002,180520.08524924837
910GHARLSDN,-0.257774,51.536305,1912.0,POINT (-0.257774 51.536305),520930.9481000317,183371.5492259739
910GHAROOTH,-0.337226,51.579197,1880.0,POINT (-0.337226 51.579197),515312.3947101723,188013.23222172074
910GHATFILD,-0.215589,51.763879,1850.0,POINT (-0.215589 51.763879),523238.341794644,208749.46149615373
910GHAYESAH,-0.420683,51.503096,1864.0,POINT (-0.420683 51.503096),509712.645387421,179422.09953520622
910GHAYS,0.010557,51.376334,1882.0,POINT (0.010557 51.376334),540028.1320336899,166060.1277555197
910GHCRT,-0.34275,51.402558,1849.0,POINT (-0.34275 51.402558),515374.35273119656,168361.4696637771
910GHDON,-0.238674,51.580068,1868.0,POINT (-0.238674 51.580068),522138.25540109543,188269.81125895202
910GHEDSTNL,-0.35722,51.602649,1917.0,POINT (-0.35722 51.602649),513868.44543172966,190589.8544240704
910GHEMLHMP,-0.490774,51.742333,1837.0,POINT (-0.490774 51.742333),504298.5086228367,205924.40479803056
910GHERNEH,-0.102289,51.453305,1862.0,POINT (-0.102289 51.453305),531953.2234753736,174410.0968457085
910GHERSHAM,-0.389959,51.376812,1936.0,POINT (-0.389959 51.376812),512153.5093721269,165425.292813887
910GHFDN,-0.091788,51.798857,1924.0,POINT (-0.09178799999999999 51.798857),531679.0909215785,212855.50957505783
910GHGHI,-0.103538,51.546269,1850.0,POINT (-0.103538 51.546269),531598.5671540112,184745.51517841814
910GHGHMSPK,-0.000222,51.60835,1873.0,POINT (-0.000222 51.60835),538573.217440842,191839.9910340978
910GHKBG,-0.153907,51.377872,1868.0,POINT (-0.153907 51.377872),528578.2832822654,165930.26412772102
910GHLDNBRO,0.22759,51.214486,1868.0,POINT (0.22759 51.214486),555678.0923659082,148500.35570860415
910GHMPSTDH,-0.165705,51.55521,1860.0,POINT (-0.165705 51.55521),527263.2689901157,185629.8615553748
910GHOMRTON,-0.04236,51.547012,1868.0,POINT (-0.04236 51.547012),535838.1043754095,184939.98329232045
910GHONROPK,-0.045505,51.449989,1886.0,POINT (-0.045505 51.449989),535908.2449764756,174145.16406349803
910GHOUNSLW,-0.362277,51.461946,1849.0,POINT (-0.362277 51.461946),513868.51510938676,174935.1712652332
910GHOWWOOD,-0.34467,51.717742,1988.0,POINT (-0.34467 51.717742),514447.43612365914,203408.57922569284
910GHOXTON,-0.075681,51.531512,2010.0,POINT (-0.075681 51.531512),533573.1976409389,183155.00255390495
910GHRGY,-0.105136,51.577358,1885.0,POINT (-0.105136 51.577358),531398.2377705937,188199.83751339454
910GHRGYGL,-0.098144,51.577182,1865.0,POINT (-0.098144 51.577182),531883.2163882764,188192.85586815036
910GHRLDWOD,0.233129,51.592766,1868.0,POINT (0.233129 51.592766),554783.2700873936,190574.9143943215
910GHRLWTWN,0.095132,51.78107,1842.0,POINT (0.09513199999999999 51.78107),544624.1708796562,211231.44979277073
910GHRNSY,-0.111975,51.586461,1850.0,POINT (-0.111975 51.586461),530898.242680103,189199.86230130802
910GHROW,-0.334896,51.592216,1837.0,POINT (-0.334896 51.592216),515440.839682882,189464.67164618295
910GHRPNDN,-0.35148,51.814645,1868.0,POINT (-0.35148 51.814645),513733.3827109504,214174.39217219525
910GHRSLEY,-0.435409,51.279347,1885.0,POINT (-0.435409 51.279347),509221.3830463205,154518.40263263162
910GHTCHEND,-0.368601,51.609417,1844.0,POINT (-0.368601 51.609417),513063.4953298628,191324.82048769906
910GHTHRGRN,-0.000944,51.452025,1866.0,POINT (-0.000944 51.452025),538998.2228759098,174455.1114574953
910GHTRBUS5,-0.489556,51.471569,2008.0,POINT (-0.489556 51.471569),505004.927464328,175815.18229016743
910GHTRWAPT,-0.454037,51.471618,1999.0,POINT (-0.454037 51.471618),507471.64688964566,175872.13422694936
910GHYDNSRD,-0.188815,51.425448,1868.0,POINT (-0.188815 51.425448),526018.2613391109,171160.20714024367
910GILFORD,0.06968,51.559118,1839.0,POINT (0.06968000000000001 51.559118),543568.1929654676,186500.06955144688
910GINGTSTN,0.384247,51.667043,1843.0,POINT (0.384247 51.667043),564980.1910262369,199164.74064462865
910GISLEWTH,-0.336907,51.474763,1850.0,POINT (-0.336907 51.474763),515598.4846613161,176400.1898530767
910GIVER,-0.506726,51.508503,1924.0,POINT (-0.506726 51.508503),503728.6485805777,179898.00150926213
910GKENOLYM,-0.210502,51.496156,1864.0,POINT (-0.210502 51.496156),524318.5299725563,178985.988950993
910GKENR,-0.219957,51.534554,1873.0,POINT (-0.219957 51.534554),523558.319823667,183239.93672517088
910GKENSLG,-0.22505,51.530545,1916.0,POINT (-0.22505 51.530545),523215.92367032333,182785.54541166243
910GKENTHOS,-0.045247,51.412215,1884.0,POINT (-0.045247 51.412215),536038.2122283439,169945.21487984696
910GKEWBDGE,-0.287108,51.489513,1849.0,POINT (-0.287108 51.489513),519018.4262959033,178120.109638948
910GKEWGRDN,-0.285148,51.477069,1869.0,POINT (-0.285148 51.477069),519186.8952522795,176739.506207699
910GKGSTON,-0.301166,51.412751,1845.0,POINT (-0.301166 51.412751),518240.47138655203,169561.1641663626
910GKIDBROK,0.027498,51.462121,1895.0,POINT (0.027498 51.462121),540943.2376039182,175632.0676007626
910GKLBRNHR,-0.192237,51.537277,1852.0,POINT (-0.192237 51.537277),525473.3175289278,183589.8749419212
910GKLGL,-0.438422,51.706356,1839.0,POINT (-0.438422 51.706356),507998.50520047813,201999.5064261543
910GKMPTNPK,-0.409751,51.420983,1878.0,POINT (-0.409751 51.420983),510669.5459308848,170307.10276046582
910GKNCKHLT,0.130847,51.34579,1876.0,POINT (0.130847 51.34579),548498.1142283145,162900.12488053483
910GKNLY,-0.100925,51.324777,1856.0,POINT (-0.100925 51.324777),532418.1990945237,160120.2449964559
910GKNTSHTN,-0.140545,51.550409,1868.0,POINT (-0.140545 51.550409),529020.9776398275,185140.00307470217
910GKNTSHTW,-0.146655,51.546548,1860.0,POINT (-0.146655 51.546548),528608.2599556888,184699.90595793398
910GKTON,-0.316946,51.581786,1912.0,POINT (-0.316946 51.581786),516710.8963080767,188333.27583992464
910GLANGLEY,-0.541756,51.508062,1845.0,POINT (-0.541756 51.508062),501298.72134369443,179799.9452557903
910GLBGHJN,-0.102182,51.466298,1864.0,POINT (-0.102182 51.466298),531923.2200083137,175855.1065251942
910GLDYW,-0.019041,51.456244,1857.0,POINT (-0.019041 51.456244),537728.1952511189,174890.1198799074
910GLEABDGE,-0.036673,51.566548,2016.0,POINT (-0.036673 51.566548),536174.1029247774,187122.9733533833
910GLEEE,0.013493,51.449755,1866.0,POINT (0.013493 51.449755),540008.2104485588,174230.1479067235
910GLETHRHD,-0.333232,51.298818,1859.0,POINT (-0.333232 51.298818),516298.3778449614,156840.36184688067
910GLEWISHM,-0.013016,51.465081,1849.0,POINT (-0.013016 51.465081),538120.1033964987,175884.12285485235
910GLEYTNMR,-0.008051,51.569725,1894.0,POINT (-0.008051000000000001 51.569725),538148.0687209457,187529.88460752892
910GLGFD,0.300364,51.396155,1872.0,POINT (0.300364 51.396155),560126.9937217075,168857.17894797178
910GLIMHSE,-0.039799,51.512469,1840.0,POINT (-0.039799 51.512469),536118.610525101,181103.48692021746
910GLIVST,-0.083162,51.51794,1999.0,POINT (-0.083162 51.51794),533093.8996259243,181632.1341920331
910GLNDNBDC,-0.086807,51.505881,1999.0,POINT (-0.086807 51.505881),532876.0915098002,180284.53834012168
910GLNGCROS,-0.59457,51.385173,1942.0,POINT (-0.59457 51.385173),497895.6808458387,166062.19775849977
910GLONFLDS,-0.057753,51.541153,1872.0,POINT (-0.057753 51.541153),534788.1562347757,184260.01083826087
910GLSYDNHM,-0.033345,51.424831,1857.0,POINT (-0.033345 51.424831),536828.2225549157,171370.2413958314
910GLUTOAPY,-0.395881,51.872438,1999.0,POINT (-0.395881 51.872438),510531.32643106015,220533.29397014744
910GLYTNSHR,0.008416,51.563554,1894.0,POINT (0.008416 51.563554),539308.0807089257,186874.8896692369
910GMALDENM,-0.261274,51.38473,1938.0,POINT (-0.261274 51.38473),521088.3643541495,166510.27621462772
910GMANRPK,0.046342,51.552477,1872.0,POINT (0.046342 51.552477),541971.1787784058,185716.056233629
910GMARYLBN,-0.163013,51.521602,1999.0,POINT (-0.163013 51.521602),527543.7624621431,181897.2646058511
910GMAZEH,0.002914,51.482625,1873.0,POINT (0.002914 51.482625),539173.1897568034,177865.13307491742
910GMDNHEAD,-0.72266,51.518669,1871.0,POINT (-0.72266 51.518669),488723.77618778683,180744.89035989466
910GMEOPHAM,0.356952,51.386424,1861.0,POINT (0.356952 51.386424),564098.0147474526,167900.222974092
910GMERSTHM,-0.150226,51.264154,1844.0,POINT (-0.150226 51.264154),529153.2059832369,153291.257398549
910GMITCHMJ,-0.158738,51.393147,1868.0,POINT (-0.158738 51.393147),528199.410883244,167620.4347354573
910GMKNSCEN,-0.774146,52.034288,1982.0,POINT (-0.774146 52.034288),484187.62390152866,238027.97459560586
910GMLHB,-0.24924,51.613093,1868.0,POINT (-0.24924 51.613093),521318.32015854924,191924.84620816621
910GMORDENS,-0.199461,51.396116,1930.0,POINT (-0.199461 51.396116),525358.2862476357,167880.2230486843
910GMOTNGHM,0.050054,51.440218,1866.0,POINT (0.050054 51.440218),542578.1750580324,173240.0938880578
910GMOTSPRP,-0.239531,51.395196,1938.0,POINT (-0.239531 51.395196),522573.33702178317,167710.20607318194
910GMRGT,-0.088627,51.518338,1865.0,POINT (-0.088627 51.518338),532713.594772869,181666.46903358912
910GMRTLKE,-0.267106,51.468087,1846.0,POINT (-0.267106 51.468087),520463.3808894298,175770.17024049145
910GMRYLAND,0.005815,51.546081,1874.0,POINT (0.005815 51.546081),539181.0904840543,184926.90906282712
910GMWRWSTN,-0.050898,51.610102,2019.0,POINT (-0.050898 51.610102),535059.2538235761,191939.98351923667
910GNBARNET,-0.172997,51.648575,1857.0,POINT (-0.172997 51.648575),526498.2407696072,195999.86700057093
910GNBCKNHM,-0.035273,51.41677,1857.0,POINT (-0.035273 51.41677),536718.2153057967,170470.2708983409
910GNDULWCH,-0.087917,51.45451,1868.0,POINT (-0.087917 51.45451),532948.2484914458,174570.07106406963
910GNEWMLDN,-0.25594,51.404075,1838.0,POINT (-0.25594 51.404075),521408.3664971184,168670.2721185467
910GNEWSGAT,-0.143038,51.614114,1850.0,POINT (-0.143038 51.614114),528668.2388570276,192219.8891714763
910GNEWXGTE,-0.040399,51.475132,1839.0,POINT (-0.040399 51.475132),536188.1967878537,176950.5172002482
910GNMBRLPK,-0.053932,51.601969,1840.0,POINT (-0.053932 51.601969),534873.2631121657,191029.96502085286
910GNORBURY,-0.121926,51.411446,1878.0,POINT (-0.121926 51.411446),530708.1952440751,169720.18764754722
910GNORWDJ,-0.075216,51.39702,1841.0,POINT (-0.07521600000000001 51.39702),533998.5949574752,168200.30979291192
910GNRBITON,-0.284025,51.412358,1869.0,POINT (-0.284025 51.412358),519433.45340455987,169545.23882950615
910GNRTHFLT,0.324334,51.445846,1849.0,POINT (0.324334 51.445846),561618.9984199327,174435.105273024
910GNSHEEN,-0.287876,51.465155,1930.0,POINT (-0.287876 51.465155),519028.41454706807,175410.21303087065
910GNTHOLTP,-0.359466,51.55754,1926.0,POINT (-0.359466 51.55754),513825.5090177802,185570.05833484355
910GNUNHEAD,-0.052273,51.466828,1865.0,POINT (-0.052273 51.466828),535388.195420457,176005.10705970303
910GNWCRELL,-0.032427,51.476347,1850.0,POINT (-0.032427 51.476347),536738.1619148783,177100.4782957933
910GNWELTHM,0.070533,51.43806,1878.0,POINT (0.070533 51.43806),544008.159518921,173040.1703133881
910GNWEMBLY,-0.303992,51.56258,1912.0,POINT (-0.303992 51.56258),517657.9290979896,186218.15744642494
910GOCKENDN,0.290469,51.521992,1892.0,POINT (0.290469 51.521992),559001.0385937241,182828.00599055947
910GOKLGHPK,-0.166209,51.637678,1873.0,POINT (-0.166209 51.637678),526998.2543786375,194799.82904306368
910GOLDST,-0.088193,51.526065,1901.0,POINT (-0.08819299999999999 51.526065),532721.2426271201,182526.50889434014
910GORPNGTN,0.089091,51.373296,1868.0,POINT (0.089091 51.373296),545503.2033099985,165875.04747272463
910GOTFORD,0.196779,51.313158,1882.0,POINT (0.196779 51.313158),553198.117678432,159407.26220624353
910GOXTED,-0.004833,51.257908,1884.0,POINT (-0.004833 51.257908),539315.2030158925,152862.33217249834
910GPALMRSG,-0.110437,51.618314,1871.0,POINT (-0.110437 51.618314),530913.2448797144,192744.82115280442
910GPBRO,-0.249837,52.574975,1852.0,POINT (-0.249837 52.574975),518699.08174026414,298898.0413175586
910GPCKHMQD,-0.057313,51.473566,1866.0,POINT (-0.057313 51.473566),535018.2565101796,176745.06129713758
910GPCKHMRY,-0.069414,51.470034,1864.0,POINT (-0.069414 51.470034),534188.2439935987,176330.0648209696
910GPENEW,-0.06084,51.417555,1839.0,POINT (-0.06084 51.417555),534938.1845768178,170510.2041996661
910GPETSWD,0.074481,51.388619,1928.0,POINT (0.07448100000000001 51.388619),544438.213503773,167550.10292936047
910GPKST,-0.340276,51.725458,1858.0,POINT (-0.340276 51.725458),514731.4323573275,204273.56017799588
910GPLMS,0.084257,51.489795,1849.0,POINT (0.084257 51.489795),544798.1582726841,178820.09331840609
910GPNDRSEN,-0.03508,51.642256,1840.0,POINT (-0.03508 51.642256),536058.2256362174,195544.95814837882
910GPNGEE,-0.05422,51.419334,1862.0,POINT (-0.05422 51.419334),535393.2273818235,170720.23364060943
910GPOTRSBR,-0.192605,51.697067,1850.0,POINT (-0.192605 51.697067),525008.3991903155,201358.67743741604
910GPURFLET,0.236767,51.481013,1854.0,POINT (0.236767 51.481013),555415.0317394142,178156.05730611202
910GPURLEY,-0.114035,51.337579,1841.0,POINT (-0.114035 51.337579),531468.2269092986,161520.26170688227
910GPURLEYO,-0.098856,51.347046,1899.0,POINT (-0.098856 51.347046),532498.1953137787,162600.26545916474
910GPUTNEY,-0.216475,51.461303,1844.0,POINT (-0.216475 51.461303),523998.3253625737,175100.16189527878
910GQPRK,-0.204882,51.534443,1879.0,POINT (-0.204882 51.534443),524604.1306516121,183253.1362091176
910GQTRDBAT,-0.146678,51.474968,1877.0,POINT (-0.146678 51.474968),528808.2871964789,176740.0682173762
910GRADLETT,-0.317244,51.685188,1868.0,POINT (-0.317244 51.685188),516425.34936899913,199831.61056841514
910GRAYNSPK,-0.230151,51.409173,1838.0,POINT (-0.230151 51.409173),523188.3400353166,169280.1820200865
910GRBRN,-0.007557,51.414188,1892.0,POINT (-0.007557 51.414188),538653.1620881864,170235.1665712453
910GRCHT,0.506855,51.389652,1892.0,POINT (0.5068550000000001 51.389652),574514.9966409972,168605.1734238565
910GRCKMNSW,-0.473273,51.640247,1887.0,POINT (-0.473273 51.640247),505744.19659686106,194596.81695915584
910GRCTRYRD,-0.068267,51.558502,1872.0,POINT (-0.06826699999999999 51.558502),534008.1854008181,186169.93352602457
910GRDLSDWN,-0.099387,51.332486,1927.0,POINT (-0.099387 51.332486),532503.1544945693,160980.23678364593
910GREDHILL,-0.1659,51.240201,1841.0,POINT (-0.1659 51.240201),528126.1998571408,150600.3163601464
910GREEDHMS,-0.123416,51.33112,1999.0,POINT (-0.123416 51.33112),530833.1897073536,160785.30379310722
910GRICHMND,-0.301448,51.463152,1846.0,POINT (-0.301448 51.463152),518090.86896207347,175165.5276163288
910GRNHAME,0.190634,51.516723,1999.0,POINT (0.190634 51.516723),552093.0301554315,182029.9691191052
910GROMFORD,0.183237,51.574829,1839.0,POINT (0.183237 51.574829),551387.1100172553,188475.88888761774
910GROYDON,0.036252,51.775487,1844.0,POINT (0.036252 51.775487),540580.1647623212,210495.53209131735
910GRTHERHI,-0.052048,51.500817,1869.0,POINT (-0.052048 51.500817),535303.2136469848,179785.07572346966
910GRYEHOUS,0.005628,51.769413,1843.0,POINT (0.005628 51.769413),538486.1231973873,209761.52148217865
910GSACTON,-0.270157,51.499695,1880.0,POINT (-0.270157 51.499695),520168.44702269323,179280.03109043138
910GSBRMNDS,-0.054678,51.488136,1866.0,POINT (-0.054678 51.488136),535158.1802745152,178370.09310036345
910GSBURY,-0.052437,51.648705,1891.0,POINT (-0.052437 51.648705),534838.1678201949,196229.85831963178
910GSCROYDN,-0.093457,51.362965,1865.0,POINT (-0.093457 51.362965),532828.171369165,164380.21711639123
910GSDBRYHH,-0.335803,51.558465,1910.0,POINT (-0.335803 51.558465),515463.47454422177,185709.93727832934
910GSDBRYHR,-0.315468,51.554398,1910.0,POINT (-0.315468 51.554398),516883.4410004928,185289.92091569654
910GSDSD,-0.093678,51.348283,1884.0,POINT (-0.093678 51.348283),532855.201994291,162747.1828800802
910GSEERGRN,-0.607818,51.609845,1914.0,POINT (-0.607818 51.609845),496498.66073509713,191029.8906742676
910GSELHRST,-0.0883,51.391927,1865.0,POINT (-0.0883 51.391927),533103.2297495648,167610.11178554804
910GSEVNSIS,-0.073306,51.582931,1872.0,POINT (-0.073306 51.582931),533587.3853636321,188877.26981501514
910GSGFORD,-0.336704,51.533749,1903.0,POINT (-0.336704 51.533749),515463.4645781866,182959.99129819236
910GSHADWEL,-0.056782,51.511492,1876.0,POINT (-0.056782 51.511492),534943.1216126232,180963.41363522614
910GSHENFLD,0.329851,51.630877,1843.0,POINT (0.329851 51.630877),561347.1032769498,195021.7935048727
910GSHEPRTN,-0.446786,51.396805,1864.0,POINT (-0.446786 51.396805),508151.5899327111,167563.28580713389
910GSHLIER,-0.198771,51.389901,1999.0,POINT (-0.198771 51.389901),525423.2626810054,167190.2840305927
910GSHMPSTD,-0.178878,51.541432,1879.0,POINT (-0.178878 51.541432),526388.2461866654,184074.89443814493
910GSHPDSB,-0.219213,51.504791,2008.0,POINT (-0.219213 51.504791),523690.50827366376,179931.47477298015
910GSHRDHST,-0.075246,51.523375,2010.0,POINT (-0.07524599999999999 51.523375),533627.1840670862,182250.94294343155
910GSHRMKT,0.18889,51.332219,1862.0,POINT (0.18889 51.332219),552585.1099689489,161510.31450884367
910GSHRTLND,0.001784,51.405801,1858.0,POINT (0.001784 51.405801),539328.1849426876,169320.23914153135
910GSIDCUP,0.103795,51.43387,1866.0,POINT (0.103795 51.43387),546333.2090533432,172640.1226729643
910GSIVRST,-0.06724,51.614688,1872.0,POINT (-0.06723999999999999 51.614688),533914.2822993405,192419.87752057292
910GSKENTON,-0.308448,51.570229,1933.0,POINT (-0.308448 51.570229),517329.40977077535,187061.6207489958
910GSLADEGN,0.190491,51.467786,1866.0,POINT (0.190491 51.467786),552246.1153260686,176588.0849729529
910GSLOUGH,-0.59151,51.51188,1838.0,POINT (-0.59151 51.51188),497837.82478102035,180156.94763891707
910GSMERTON,-0.205157,51.402993,1930.0,POINT (-0.205157 51.402993),524943.3316587552,168635.23942039424
910GSNDP,0.021446,51.413782,1878.0,POINT (0.021446 51.413782),540671.1686629623,170245.23035096197
910GSRUISLP,-0.399076,51.556893,1908.0,POINT (-0.399076 51.556893),511081.32988691056,185437.2688089526
910GSTAINES,-0.503164,51.432455,1848.0,POINT (-0.5031639999999999 51.432455),504148.67045234574,171446.1409272396
910GSTALBCY,-0.327538,51.750473,1868.0,POINT (-0.327538 51.750473),515547.42215641716,207075.5063045277
910GSTALBNA,-0.342569,51.744733,1858.0,POINT (-0.342569 51.744733),514524.40961999225,206413.47825285542
910GSTCR,0.263771,51.45133,1908.0,POINT (0.263771 51.45133),557392.0332898493,174913.12585880182
910GSTEVNGE,-0.207109,51.901688,1973.0,POINT (-0.207109 51.901688),523446.437903377,224089.42907761666
910GSTFODOM,-0.008778,51.544828,2009.0,POINT (-0.008777999999999999 51.544828),538173.0628447267,184759.92048162286
910GSTHALL,-0.37861,51.505957,1839.0,POINT (-0.37861 51.505957),512625.5644965754,179804.12916295906
910GSTJMSST,-0.032918,51.580981,1999.0,POINT (-0.032918 51.580981),536391.1925395308,188734.94564616826
910GSTJOHNS,-0.022719,51.469391,1999.0,POINT (-0.022719 51.469391),537433.198969699,176345.1497127922
910GSTKNWNG,-0.072887,51.565233,1872.0,POINT (-0.07288699999999999 51.565233),533668.2370451475,186909.97402150655
910GSTLEIGH,-0.248665,51.363401,1932.0,POINT (-0.248665 51.363401),522022.3158800667,164159.34419959877
910GSTMFDHL,-0.076682,51.574467,1872.0,POINT (-0.076682 51.574467),533378.2353403416,187929.88167234074
910GSTMGTS,-0.3202,51.455236,1999.0,POINT (-0.3202 51.455236),516808.48606377945,174255.20207288064
910GSTMRYC,0.106384,51.394749,1858.0,POINT (0.106384 51.394749),546638.2031624737,168295.10317211144
910GSTNBGPK,-0.275859,51.544041,1912.0,POINT (-0.275859 51.544041),519656.4473242026,184202.12896108726
910GSTOTNHM,-0.072103,51.580372,1871.0,POINT (-0.072103 51.580372),533678.2273640985,188594.90084131475
910GSTRETHM,-0.13155,51.425808,1856.0,POINT (-0.13155 51.425808),529998.2220740465,171300.13821682386
910GSTRHCOM,-0.13601,51.41873,1862.0,POINT (-0.13601 51.41873),529708.1838183778,170505.16440938524
910GSTRHILL,-0.12716,51.438193,1856.0,POINT (-0.12716 51.438193),530268.2149418864,172685.15054153575
910GSTRWBYH,-0.339358,51.438963,1873.0,POINT (-0.339358 51.438963),515518.5413675127,172415.18841718097
910GSUNBURY,-0.417783,51.418313,1864.0,POINT (-0.417783 51.418313),510117.50693941914,169998.10138479923
910GSUNNGDL,-0.633041,51.39194,1856.0,POINT (-0.633041 51.39194),495204.7346278416,166764.0989216708
910GSUNYMDS,-0.559374,51.470288,1927.0,POINT (-0.559374 51.470288),500158.7765887255,175575.02089331212
910GSURBITN,-0.303958,51.39246,1838.0,POINT (-0.303958 51.39246),518098.4684868727,167300.29853708815
910GSURREYQ,-0.047519,51.493196,1884.0,POINT (-0.047519 51.493196),535640.1612118846,178945.99938728416
910GSUTTON,-0.191215,51.359533,1999.0,POINT (-0.191215 51.359533),526032.2402619899,163826.27123069606
910GSUTTONC,-0.196343,51.374891,1930.0,POINT (-0.196343 51.374891),525633.2327098809,165525.30341041955
910GSVNKNGS,0.0971,51.564026,1899.0,POINT (0.09710000000000001 51.564026),545453.1537618567,187100.0046668825
910GSVNOAKS,0.181669,51.276865,1868.0,POINT (0.181669 51.276865),552265.0888155785,155340.23334158678
910GSWLY,0.169225,51.393387,1862.0,POINT (0.169225 51.393387),551014.1620278883,168271.18242470734
910GSWNSCMB,0.309543,51.449071,1908.0,POINT (0.309543 51.449071),560579.981491759,174761.21759931772
910GSYDENHM,-0.055268,51.427375,1839.0,POINT (-0.055268 51.427375),535296.6369343963,171612.44813265657
910GSYDNHMH,-0.080339,51.432714,1862.0,POINT (-0.08033899999999999 51.432714),533538.2419398503,172160.15567976958
910GSYONLA,-0.324842,51.481785,1925.0,POINT (-0.324842 51.481785),516418.48549611587,177200.1507578708
910GTDITTON,-0.339152,51.389097,1849.0,POINT (-0.339152 51.389097),515658.4734518157,166870.27275840857
910GTEDNGTN,-0.332706,51.424481,1864.0,POINT (-0.332706 51.424481),516017.5068352139,170815.21142211772
910GTHBLDSG,-0.034831,51.692457,1891.0,POINT (-0.034831 51.692457),535925.2207215268,201127.86903206405
910GTHTH,-0.100306,51.398777,1862.0,POINT (-0.100306 51.398777),532248.2083908066,168350.12816442206
910GTLBYTWN,0.354039,51.462359,1885.0,POINT (0.354039 51.462359),563623.9573698314,176337.05776252341
910GTOLWTH,-0.279461,51.37686,1938.0,POINT (-0.279461 51.37686),519843.40419800585,165605.27806310303
910GTOOTING,-0.161278,51.419848,1868.0,POINT (-0.161278 51.419848),527948.2120657023,170585.1486678226
910GTTNHMHL,-0.06024,51.588315,1840.0,POINT (-0.06024 51.588315),534476.7161253644,189499.94955371192
910GTULSEH,-0.105077,51.439861,1868.0,POINT (-0.105077 51.439861),531798.1908268813,172910.11538885027
910GTURKYST,-0.047217,51.672628,1891.0,POINT (-0.047217 51.672628),535128.154809389,198899.8500088303
910GTWCKNHM,-0.330394,51.450031,1848.0,POINT (-0.330394 51.450031),516113.46497752226,173660.18283640913
910GUHALIFD,-0.430906,51.413067,1944.0,POINT (-0.430906 51.413067),509217.5362236652,169395.14623718453
910GUPMNSTR,0.250855,51.558659,1885.0,POINT (0.250855 51.558659),556127.6270315446,186819.9442075098
910GUPRHLWY,-0.129513,51.563631,1868.0,POINT (-0.129513 51.563631),529748.2099521578,186629.82250317314
910GUWRLNGH,-0.081148,51.309958,1999.0,POINT (-0.081148 51.309958),533839.1290803408,158508.28065972298
910GVAUXHLM,-0.123303,51.485739,1999.0,POINT (-0.123303 51.485739),530400.8448468214,177979.16168845928
910GVICTRIC,-0.143826,51.495812,1999.0,POINT (-0.143826 51.495812),528947.5892942005,179062.97071246285
910GVRGNWTR,-0.562174,51.401802,1856.0,POINT (-0.562174 51.401802),500113.665737352,167955.18143818586
910GWADDON,-0.117336,51.367398,1847.0,POINT (-0.117336 51.367398),531153.2310820472,164830.2108369253
910GWALHAMX,-0.026558,51.685061,1842.0,POINT (-0.026558 51.685061),536519.2209978118,200320.84612378996
910GWALNGTN,-0.150833,51.360386,1847.0,POINT (-0.150833 51.360386),528841.24200164,163991.20143896592
910GWANDCMN,-0.163386,51.446185,1895.0,POINT (-0.163386 51.446185),527728.2448526178,173510.12984841247
910GWAPPING,-0.055931,51.504388,1869.0,POINT (-0.055931 51.504388),535023.1664269324,180175.00812994334
910GWATFDHS,-0.391711,51.652655,1862.0,POINT (-0.391711 51.652655),511357.42451229563,196097.6127089553
910GWATFDJ,-0.395928,51.663908,1858.0,POINT (-0.395928 51.663908),511038.2198606923,197342.60780056147
910GWATFDN,-0.389926,51.675704,1910.0,POINT (-0.389926 51.675704),511424.3708179554,198663.56998476427
910GWATRLMN,-0.113356,51.504269,1999.0,POINT (-0.113356 51.504269),531038.3134243167,180057.46046046808
910GWBRMPTN,-0.195593,51.487168,1866.0,POINT (-0.195593 51.487168),525378.0329409948,178011.90705448342
910GWBYFLET,-0.505485,51.339226,1887.0,POINT (-0.505485 51.339226),504198.5828205106,161075.38451313903
910GWCHAPEL,-0.059858,51.519498,1876.0,POINT (-0.059858 51.519498),534706.070483645,181848.0292760337
910GWCOMBEP,0.018395,51.484203,1879.0,POINT (0.018395 51.484203),540243.2352947725,178070.11634268926
910GWCROYDN,-0.101939,51.378786,1839.0,POINT (-0.101939 51.378786),532192.2032826191,166124.17599998938
910GWDGRNPK,0.044423,51.549264,1894.0,POINT (0.044423 51.549264),541848.1270327906,185355.04519169265
910GWDMNSTR,-0.154262,51.31902,1904.0,POINT (-0.154262 51.31902),528718.2157602281,159385.3667848713
910GWDRYTON,-0.472234,51.510055,1838.0,POINT (-0.472234 51.510055),506118.6066367853,180120.01383394783
910GWDST,-0.002405,51.58658,1873.0,POINT (-0.002405 51.58658),538488.1648810325,189414.91500701947
910GWDULWCH,-0.091371,51.440718,1862.0,POINT (-0.09137099999999999 51.440718),532748.240765703,173030.1501591698
910GWDWTOWN,-0.188125,51.461048,1846.0,POINT (-0.188125 51.461048),525968.3365718586,175120.1161538586
910GWEALING,-0.320133,51.513506,1871.0,POINT (-0.320133 51.513506),516664.4699527297,180735.1246229008
910GWELHAMG,-0.210692,51.736352,1986.0,POINT (-0.210692 51.736352),523651.44068703044,205696.61991788878
910GWELLING,0.10169,51.464798,1895.0,POINT (0.10169 51.464798),546088.1543224255,176075.05827852967
910GWEMBLSM,-0.285608,51.554416,1906.0,POINT (-0.285608 51.554416),518953.4117461899,185339.98921016697
910GWEYBDGB,-0.457739,51.361771,1838.0,POINT (-0.457739 51.361771),507471.5825756214,163651.26524300285
910GWHHRTLA,-0.070914,51.605037,1872.0,POINT (-0.070914 51.605037),533688.2479978446,191339.9267498015
910GWHTTON,-0.357681,51.449607,1930.0,POINT (-0.357681 51.449607),514218.5457059662,173570.1469554134
910GWHYTELF,-0.081148,51.309958,1900.0,POINT (-0.081148 51.309958),533839.1290803408,158508.28065972298
910GWHYTLFS,-0.076918,51.303387,1856.0,POINT (-0.076918 51.303387),534153.055118252,157785.31230574055
910GWIMLCHS,-0.214031,51.409558,1930.0,POINT (-0.214031 51.409558),524308.3332972815,169350.19951242732
910GWINDSEC,-0.61038,51.483268,1849.0,POINT (-0.61038 51.483268),496588.84529835056,176950.00033512997
910GWLDNGHM,-0.05187,51.290158,1885.0,POINT (-0.05187 51.290158),535938.1130158696,156360.3012400547
910GWLOE,-0.108898,51.504076,1999.0,POINT (-0.108898 51.504076),531348.2480948692,180043.98208943906
910GWLSDJHL,-0.243006,51.532556,1866.0,POINT (-0.243006 51.532556),521965.13260701054,182979.1261161841
910GWLTHQRD,-0.023846,51.581503,1999.0,POINT (-0.023846 51.581503),537018.126518697,188809.93905157014
910GWLTWCEN,-0.019842,51.582948,1869.0,POINT (-0.019842 51.582948),537291.1699015379,188978.13356860034
910GWMBY,-0.296642,51.55232,1842.0,POINT (-0.296642 51.55232),518193.90930449235,185089.05029968737
910GWNDSWRD,-0.13852,51.470216,1863.0,POINT (-0.13852 51.470216),529388.2302462584,176226.00628692686
910GWNMHILL,-0.1009,51.633942,1871.0,POINT (-0.1009 51.633942),531528.2278384096,194499.8560046389
910GWNORWOD,-0.10383,51.431748,1856.0,POINT (-0.10383 51.431748),531908.2017818225,172010.19729244115
910GWNSTDPK,0.026213,51.551693,1894.0,POINT (0.026213 51.551693),540578.1268369057,185589.98286469502
910GWOKING,-0.55696,51.318469,1838.0,POINT (-0.55696 51.318469),500658.6210241582,158695.27000028323
910GWOLWCDY,0.054642,51.491127,1849.0,POINT (0.054642 51.491127),542738.1611505457,178910.08547608758
910GWOLWCHA,0.06917,51.489962,1849.0,POINT (0.06917 51.489962),543750.3102330344,178808.95061865018
910GWONT,-0.414635,51.372931,1838.0,POINT (-0.414635 51.372931),510445.5413140761,164956.27831789618
910GWRCSTRP,-0.245167,51.381253,1859.0,POINT (-0.245167 51.381253),522218.3560809953,166150.33120812417
910GWRPLSDN,-0.582578,51.289017,1883.0,POINT (-0.582578 51.289017),498936.64370352007,155385.40987634705
910GWRUISLP,-0.437816,51.569721,1906.0,POINT (-0.437816 51.569721),508365.3040636921,186805.72433599713
910GWRYSBRY,-0.541922,51.457708,1861.0,POINT (-0.541922 51.457708),501398.70210419246,174200.0646203219
910GWSORAER,-0.61038,51.483268,1849.0,POINT (-0.61038 51.483268),496588.84529835056,176950.00033512997
910GWSUTTON,-0.205173,51.365854,1930.0,POINT (-0.205173 51.365854),525043.2841194224,164505.29271427618
910GWWICKHM,-0.014432,51.381301,1882.0,POINT (-0.014432 51.381301),538274.1219157383,166565.1245237937
940GZZDLABR,0.003737,51.531926,2011.0,POINT (0.003737 51.531926),539080.1218392228,183348.9031230897
940GZZDLALL,-0.013135,51.511,1987.0,POINT (-0.013135 51.511),537973.1456069048,180990.02925925766
940GZZDLBEC,0.061453,51.514362,1994.0,POINT (0.061453 51.514362),543138.1511037207,181507.09052069747
940GZZDLBLA,-0.006969,51.507991,1994.0,POINT (-0.006969 51.507991),538410.1125663584,180667.07656677725
940GZZDLBNK,-0.089095,51.513395,1999.0,POINT (-0.08909499999999999 51.513395),532695.4863870118,181115.95366854803
940GZZDLBOW,-0.020936,51.527858,1987.0,POINT (-0.020936 51.527858),537381.1202625977,182849.96553849557
940GZZDLBPK,0.054932,51.508793,1994.0,POINT (0.054932 51.508793),542703.0972033904,180875.0988584659
940GZZDLCAN,-0.019121,51.503734,1999.0,POINT (-0.019121 51.503734),537579.6739550158,180170.80532556103
940GZZDLCGT,0.008025,51.514029,1999.0,POINT (0.008024999999999999 51.514029),539432.152563845,181366.9356747524
940GZZDLCLA,-0.014606,51.495728,1987.0,POINT (-0.014606 51.495728),537917.1796374919,179289.04595090036
940GZZDLCUS,0.026699,51.509716,1999.0,POINT (0.026699 51.509716),540741.1209282688,180923.0900797174
940GZZDLCUT,-0.010802,51.481675,1999.0,POINT (-0.010802 51.481675),538223.722473801,177733.53466329532
940GZZDLCYP,0.063925,51.508473,1994.0,POINT (0.063925 51.508473),543328.1397882599,180857.07359718997
940GZZDLDEP,-0.022438,51.474215,1999.0,POINT (-0.022438 51.474215),537438.2160751083,176882.10004049836
940GZZDLDEV,-0.017615,51.522667,1987.0,POINT (-0.017615 51.522667),537627.1181180663,182278.9535406619
940GZZDLEIN,-0.002326,51.509359,1994.0,POINT (-0.002326 51.509359),538728.1462306341,180827.9812241196
940GZZDLELV,-0.016728,51.469074,1999.0,POINT (-0.016728 51.469074),537850.2418291359,176321.15466757555
940GZZDLGAL,0.071555,51.508941,1994.0,POINT (0.07155499999999999 51.508941),543856.1265364073,180924.07243387448
940GZZDLGRE,-0.014096,51.478235,1999.0,POINT (-0.014096 51.478235),538005.3909064555,177344.8014548163
940GZZDLHEQ,-0.021421,51.503379,1987.0,POINT (-0.021421 51.503379),537421.1243807389,180127.010242999
940GZZDLISL,-0.010139,51.487811,1987.0,POINT (-0.010139 51.487811),538251.195727946,178417.1031810784
940GZZDLKGV,0.062624,51.502003,2005.0,POINT (0.062624 51.502003),543258.1490450022,180135.07310196164
940GZZDLLCA,0.048749,51.503419,1999.0,POINT (0.048749 51.503419),542290.7921902917,180265.48452159163
940GZZDLLDP,-0.01415,51.515172,2007.0,POINT (-0.01415 51.515172),537890.1175281128,181452.03107722092
940GZZDLLEW,-0.013016,51.465081,1999.0,POINT (-0.013016 51.465081),538120.1033964987,175884.12285485235
940GZZDLLIM,-0.039799,51.512469,1999.0,POINT (-0.039799 51.512469),536118.610525101,181103.48692021746
940GZZDLMUD,-0.014738,51.490704,1987.0,POINT (-0.014738 51.490704),537923.1803713418,178730.133790734
940GZZDLPDK,0.032115,51.502212,2005.0,POINT (0.032115 51.502212),541140.1370330538,180099.0747083224
940GZZDLPOP,-0.017384,51.507744,1987.0,POINT (-0.017384 51.507744),537688.1317521769,180619.97237245936
940GZZDLPRE,0.034158,51.509263,1994.0,POINT (0.034158 51.509263),541260.1039299016,180887.0850528304
940GZZDLPUD,-0.012755,51.534302,1996.0,POINT (-0.012755 51.534302),537929.1082634846,183581.91905767692
940GZZDLRAL,0.045935,51.508357,1994.0,POINT (0.045935 51.508357),542080.137704102,180809.12459859223
940GZZDLRVC,0.018505,51.50934,1999.0,POINT (0.018505 51.50934),540173.6894934752,180865.5550193173
940GZZDLSHA,-0.056782,51.511492,1999.0,POINT (-0.056782 51.511492),534943.1216126232,180963.41363522614
940GZZDLSHS,-0.001078,51.538196,2011.0,POINT (-0.001078 51.538196),538727.1137148929,184036.99252526095
940GZZDLSIT,-0.009638,51.545265,2011.0,POINT (-0.009638000000000001 51.545265),538112.1103455062,184806.89284313406
940GZZDLSOQ,-0.015975,51.50005,1987.0,POINT (-0.015975 51.50005),537809.1176840327,179767.070417505
940GZZDLSTL,0.004156,51.520786,2011.0,POINT (0.004156 51.520786),539143.1159120727,182110.93206063536
940GZZDLTWG,-0.074813,51.510621,1999.0,POINT (-0.074813 51.510621),533694.552218077,180833.4714045716
940GZZDLWFE,-0.02675,51.509431,1987.0,POINT (-0.02675 51.509431),537033.1374318881,180789.99520771322
940GZZDLWIQ,-0.020311,51.50703,1987.0,POINT (-0.020311 51.50703),537487.168092078,180535.0773129941
940GZZDLWLA,0.06917,51.489962,1999.0,POINT (0.06917 51.489962),543750.3102330344,178808.95061865018
940GZZDLWSV,0.02246,51.502838,2005.0,POINT (0.02246 51.502838),540468.1363551026,180150.1208740172
940GZZLUACT,-0.280462,51.503057,1879.0,POINT (-0.280462 51.503057),519444.42006338504,179637.05078597483
940GZZLUACY,-0.134819,51.565478,1907.0,POINT (-0.134819 51.565478),529375.2174576548,186825.8224599255
940GZZLUADE,-0.072384,51.515037,1884.0,POINT (-0.072384 51.515037),533850.1557393251,181328.97673423734
940GZZLUAGL,-0.105992,51.532796,1901.0,POINT (-0.105992 51.532796),531467.224707171,183242.8794970077
940GZZLUALD,-0.075689,51.514246,1876.0,POINT (-0.07568900000000001 51.514246),533623.1633834703,181234.97611045028
940GZZLUALP,-0.29961,51.540627,1903.0,POINT (-0.29961 51.540627),518018.3719116747,183783.95901390223
940GZZLUAMS,-0.60759,51.674207,1892.0,POINT (-0.60759 51.674207),496377.88870678353,198187.8516554286
940GZZLUASG,-0.133062,51.616446,1932.0,POINT (-0.133062 51.616446),529352.2842167561,192496.8188112005
940GZZLUASL,-0.107457,51.558655,1906.0,POINT (-0.107457 51.558655),531291.2073660144,186115.82980559353
940GZZLUBBB,-0.011538,51.524839,1902.0,POINT (-0.011538 51.524839),538042.1152321096,182531.91526252398
940GZZLUBBN,-0.097993,51.520275,1865.0,POINT (-0.097993 51.520275),532058.207949698,181864.92693374614
940GZZLUBDS,-0.124235,51.607034,1932.0,POINT (-0.124235 51.607034),529990.2507881889,191465.8065660316
940GZZLUBEC,0.127016,51.540331,1932.0,POINT (0.127016 51.540331),547603.1178635501,184525.00413071952
940GZZLUBKE,0.088585,51.585689,1948.0,POINT (0.088585 51.585689),544794.1937274236,189492.04575489525
940GZZLUBKF,-0.104166,51.509613,1870.0,POINT (-0.104166 51.509613),531660.6880877072,180668.1932742977
940GZZLUBKG,0.080988,51.539413,1902.0,POINT (0.080988 51.539413),544414.3233695058,184331.10384183616
940GZZLUBKH,0.046757,51.626605,1948.0,POINT (0.046757 51.626605),541769.1760352654,193959.99836145673
940GZZLUBLG,-0.055506,51.527222,1946.0,POINT (-0.055506 51.527222),534985.1501857858,182714.97976141341
940GZZLUBLM,-0.152707,51.443259,1926.0,POINT (-0.152707 51.443259),528478.4966895276,173203.40613166708
940GZZLUBLR,-0.041185,51.586768,1968.0,POINT (-0.041185 51.586768),535801.2443375982,189363.11793394783
940GZZLUBMY,-0.063993,51.49775,1999.0,POINT (-0.06399299999999999 51.49775),534483.2148370603,179422.02097643085
940GZZLUBND,-0.149723,51.514304,1900.0,POINT (-0.149723 51.514304),528486.2569013522,181108.94271998433
940GZZLUBNK,-0.089095,51.513395,1898.0,POINT (-0.08909499999999999 51.513395),532695.4863870118,181115.95366854803
940GZZLUBOR,-0.09337,51.501199,1890.0,POINT (-0.09336999999999999 51.501199),532434.2132688982,179752.01328954578
940GZZLUBOS,-0.324939,51.495635,1883.0,POINT (-0.324939 51.495635),516376.5062308664,178740.15385478694
940GZZLUBSC,-0.213427,51.490311,1905.0,POINT (-0.213427 51.490311),524131.36900359066,178331.05488554388
940GZZLUBST,-0.15713,51.522883,1863.0,POINT (-0.15713 51.522883),527948.2933379345,182049.97471368307
940GZZLUBTK,-0.264048,51.602774,1924.0,POINT (-0.264048 51.602774),520320.32783432625,190752.8763736448
940GZZLUBTX,-0.213622,51.57665,1923.0,POINT (-0.213622 51.57665),523883.3067671228,187931.82662709028
940GZZLUBWR,-0.025128,51.52694,1902.0,POINT (-0.025128 51.52694),537093.1102102305,182740.0321571303
940GZZLUBWT,-0.187938,51.512284,1868.0,POINT (-0.187938 51.512284),525840.3140957397,180817.97597178968
940GZZLUBXN,-0.114531,51.462961,1971.0,POINT (-0.114531 51.462961),531075.045427767,175461.86980027548
940GZZLUBZP,-0.164783,51.550529,1907.0,POINT (-0.164783 51.550529),527340.2443760952,185110.92073342256
940GZZLUCAL,-0.560519,51.668109,1889.0,POINT (-0.560519 51.668109),499645.9869048814,197572.78380658693
940GZZLUCAR,-0.118493,51.548519,1906.0,POINT (-0.118493 51.548519),530555.2265582511,184968.9229882764
940GZZLUCFM,-0.153388,51.544118,1907.0,POINT (-0.153388 51.544118),528148.2512720173,184417.8824677152
940GZZLUCGN,-0.124436,51.513093,1907.0,POINT (-0.124436 51.513093),530244.2160865054,181018.9365236945
940GZZLUCGT,0.008025,51.514029,1999.0,POINT (0.008024999999999999 51.514029),539432.152563845,181366.9356747524
940GZZLUCHL,-0.111583,51.518247,1900.0,POINT (-0.111583 51.518247),531121.2317023299,181614.99444401695
940GZZLUCHX,-0.126137,51.507819,1906.0,POINT (-0.126137 51.507819),530141.2146462606,180429.4399974448
940GZZLUCKS,-0.149171,51.65152,1933.0,POINT (-0.149171 51.65152),528138.2223174472,196368.86708652112
940GZZLUCND,-0.249919,51.595424,1924.0,POINT (-0.249919 51.595424),521318.2850392021,189958.79418224707
940GZZLUCPC,-0.138317,51.461742,1900.0,POINT (-0.138317 51.461742),529426.2658175074,175284.04161286302
940GZZLUCPK,-0.294693,51.607701,1932.0,POINT (-0.294693 51.607701),518185.3794752561,191250.87521590345
940GZZLUCPN,-0.130016,51.465135,1900.0,POINT (-0.130016 51.465135),529993.2563813103,175676.03849916597
940GZZLUCPS,-0.147582,51.452654,1926.0,POINT (-0.147582 51.452654),528808.2299604083,174257.12647279585
940GZZLUCSD,-0.178086,51.41816,1926.0,POINT (-0.178086 51.41816),526784.271385141,170368.2683683696
940GZZLUCSM,-0.611247,51.705208,1889.0,POINT (-0.611247 51.705208),496059.39203104324,201630.62644113245
940GZZLUCST,-0.090357,51.511451,1884.0,POINT (-0.09035700000000001 51.511451),532613.5664205077,180897.49290486157
940GZZLUCTN,-0.14274,51.539292,1907.0,POINT (-0.14274 51.539292),528900.1998188596,183899.9118300897
940GZZLUCWL,0.075041,51.617916,1948.0,POINT (0.075041 51.617916),543754.1890936453,193048.97721078992
940GZZLUCWP,-0.267972,51.494627,1879.0,POINT (-0.267972 51.494627),520333.44074530073,178720.03971256292
940GZZLUCWR,-0.049667,51.498053,1999.0,POINT (-0.049667 51.498053),535476.6580266958,179482.1205537754
940GZZLUCXY,-0.441718,51.647044,1925.0,POINT (-0.441718 51.647044),507911.5240218025,195398.67498218146
940GZZLUCYD,-0.518312,51.654249,1889.0,POINT (-0.518312 51.654249),502596.06843156926,196089.80661160272
940GZZLUCYF,-0.019121,51.503734,1999.0,POINT (-0.019121 51.503734),537579.6739550158,180170.80532556103
940GZZLUDBN,0.083782,51.645386,1949.0,POINT (0.083782 51.645386),544272.1633507413,196120.86250130215
940GZZLUDGE,0.166017,51.544096,1902.0,POINT (0.166017 51.544096),550295.1078785463,185022.9872130861
940GZZLUDGY,0.147527,51.541639,1932.0,POINT (0.147527 51.541639),549021.1128431527,184711.98660547734
940GZZLUDOH,-0.239068,51.551955,1909.0,POINT (-0.239068 51.551955),522186.29693181114,185142.91254564206
940GZZLUEAC,-0.099185,51.494505,1890.0,POINT (-0.099185 51.494505),532049.9702882831,178997.14237586968
940GZZLUEAE,-0.397373,51.576506,1906.0,POINT (-0.397373 51.576506),511151.57032765384,187620.8951395288
940GZZLUEAN,-0.247248,51.516612,1920.0,POINT (-0.247248 51.516612),521713.4188216418,181199.0572751799
940GZZLUEBY,-0.302131,51.514993,1879.0,POINT (-0.302131 51.514993),517909.73644642753,180929.28868082823
940GZZLUECM,-0.288265,51.51014,1879.0,POINT (-0.288265 51.51014),518884.4469767016,180412.01619154838
940GZZLUECT,-0.193378,51.492063,1871.0,POINT (-0.193378 51.492063),525518.3768068524,178560.03338205017
940GZZLUEFY,-0.165012,51.587131,1939.0,POINT (-0.165012 51.587131),527222.2464206964,189180.81697616976
940GZZLUEGW,-0.274928,51.613653,1924.0,POINT (-0.274928 51.613653),519538.38601149566,191944.88841504126
940GZZLUEHM,0.051186,51.538948,1902.0,POINT (0.051186 51.538948),542349.1680767434,184221.0406063348
940GZZLUEMB,-0.122666,51.507058,1870.0,POINT (-0.122666 51.507058),530384.2510762083,180350.98812432983
940GZZLUEPG,0.113767,51.69368,1949.0,POINT (0.113767 51.69368),546191.184835831,201550.65039392683
940GZZLUEPK,0.19864,51.549775,1935.0,POINT (0.19864 51.549775),552538.0991533081,185721.9471863354
940GZZLUEPY,-0.211,51.459205,1889.0,POINT (-0.211 51.459205),524384.3402677142,174876.13341767777
940GZZLUERB,-0.17015,51.520299,1999.0,POINT (-0.17015 51.520299),527052.2736250401,181739.96472836437
940GZZLUERC,-0.167832,51.519858,1863.0,POINT (-0.167832 51.519858),527214.3129855224,181694.948134468
940GZZLUESQ,-0.135829,51.525604,1863.0,POINT (-0.135829 51.525604),529418.2479691992,182389.97745030822
940GZZLUEUS,-0.132754,51.527365,1907.0,POINT (-0.132754 51.527365),529626.5510425861,182591.24030030292
940GZZLUFBY,-0.195422,51.480081,1880.0,POINT (-0.195422 51.480081),525409.322436932,177224.1086961283
940GZZLUFCN,-0.105054,51.520214,1863.0,POINT (-0.105054 51.520214),531568.5316784931,181845.4329008223
940GZZLUFLP,0.091004,51.595618,1948.0,POINT (0.091004 51.595618),544930.173630516,190600.9340761585
940GZZLUFPK,-0.105876,51.564778,1906.0,POINT (-0.105876 51.564778),531383.1771533717,186799.5652359604
940GZZLUFYC,-0.192527,51.600921,1940.0,POINT (-0.192527 51.600921),525278.232066794,190666.80983860738
940GZZLUFYR,-0.179845,51.546825,1879.0,POINT (-0.179845 51.546825),526306.2630788825,184672.93998610805
940GZZLUGBY,-0.275276,51.491745,1877.0,POINT (-0.275276 51.491745),519833.987830338,178387.58813701017
940GZZLUGDG,-0.134361,51.520599,1907.0,POINT (-0.134361 51.520599),529534.2755092096,181836.01124327228
940GZZLUGFD,-0.345789,51.542657,1947.0,POINT (-0.345789 51.542657),514810.97419599496,183936.32851881953
940GZZLUGGH,0.092066,51.613378,1948.0,POINT (0.092066 51.613378),544947.1813836012,192577.9430817258
940GZZLUGGN,-0.194039,51.572259,1907.0,POINT (-0.194039 51.572259),525252.298566351,187476.89031056617
940GZZLUGHK,-0.226715,51.502005,1914.0,POINT (-0.226715 51.502005),523177.3887829136,179609.0282257552
940GZZLUGPK,-0.142787,51.506947,1906.0,POINT (-0.142787 51.506947),528988.2745167756,180303.0247205441
940GZZLUGPS,-0.144262,51.52384,1863.0,POINT (-0.144262 51.52384),528838.256749784,182178.95147584588
940GZZLUGTH,0.066185,51.576544,1947.0,POINT (0.06618499999999999 51.576544),543271.1911641792,188431.00688007695
940GZZLUGTR,-0.182658,51.494316,1868.0,POINT (-0.182658 51.494316),526256.3140334528,178828.9877949087
940GZZLUHAI,-0.103538,51.546269,1968.0,POINT (-0.103538 51.546269),531598.5671540112,184745.51517841814
940GZZLUHAW,-0.334896,51.592216,1917.0,POINT (-0.334896 51.592216),515440.839682882,189464.67164618295
940GZZLUHBN,-0.120475,51.51758,1906.0,POINT (-0.120475 51.51758),530506.2312365255,181524.94465955166
940GZZLUHBT,-0.194298,51.650541,1940.0,POINT (-0.194298 51.650541),525019.2346799788,196181.84948035283
940GZZLUHCH,0.219116,51.554093,1902.0,POINT (0.219116 51.554093),553943.1180890403,186244.98416888656
940GZZLUHCL,-0.226424,51.583301,1923.0,POINT (-0.226424 51.583301),522978.2709322234,188649.8398096768
940GZZLUHGD,-0.449828,51.553715,1923.0,POINT (-0.449828 51.553715),507570.5619035587,185008.02268436918
940GZZLUHGR,-0.292704,51.530177,1947.0,POINT (-0.292704 51.530177),518524.4072356513,182633.01802012138
940GZZLUHGT,-0.145857,51.577532,1941.0,POINT (-0.145857 51.577532),528576.2375178983,188146.83514279424
940GZZLUHLT,0.093482,51.603659,1948.0,POINT (0.093482 51.603659),545076.1778033457,191500.00008464698
940GZZLUHNX,-0.423191,51.466747,1975.0,POINT (-0.423191 51.466747),509625.58788589266,175376.19652586395
940GZZLUHOH,-0.337226,51.579197,1880.0,POINT (-0.337226 51.579197),515312.3947101723,188013.23222172074
940GZZLUHPC,-0.152441,51.503035,1906.0,POINT (-0.152441 51.503035),528329.3225574257,179851.05120561202
940GZZLUHPK,-0.205679,51.507143,1900.0,POINT (-0.205679 51.507143),524623.3369889696,180215.95851775404
940GZZLUHR4,-0.446419,51.458837,1999.0,POINT (-0.446419 51.458837),508030.8419187698,174462.06217799208
940GZZLUHR5,-0.489556,51.471569,1999.0,POINT (-0.489556 51.471569),505004.927464328,175815.18229016743
940GZZLUHRC,-0.454037,51.471618,1977.0,POINT (-0.454037 51.471618),507471.64688964566,175872.13422694936
940GZZLUHSC,-0.223619,51.492304,1864.0,POINT (-0.223619 51.492304),523418.45320415415,178535.46607934881
940GZZLUHSD,-0.223619,51.492304,1864.0,POINT (-0.223619 51.492304),523418.45320415415,178535.46607934881
940GZZLUHSK,-0.192792,51.501055,1868.0,POINT (-0.192792 51.501055),525534.3569822023,179560.96321239666
940GZZLUHSN,-0.257774,51.536305,1917.0,POINT (-0.257774 51.536305),520930.9481000317,183371.5492259739
940GZZLUHTD,-0.177464,51.556239,1907.0,POINT (-0.177464 51.556239),526445.2637423181,185723.9146673747
940GZZLUHWC,-0.366578,51.471295,1886.0,POINT (-0.366578 51.471295),513546.55901898135,175968.15099646075
940GZZLUHWE,-0.356474,51.473213,1909.0,POINT (-0.356474 51.473213),514243.5079076824,176197.14362029854
940GZZLUHWT,-0.386544,51.473469,1884.0,POINT (-0.386544 51.473469),512154.56129681086,176179.15226286172
940GZZLUHWY,-0.113244,51.552697,1906.0,POINT (-0.113244 51.552697),530907.1611727767,185442.90772309835
940GZZLUICK,-0.442001,51.561992,1905.0,POINT (-0.442001 51.561992),508093.58052954247,185940.01583651773
940GZZLUKBN,-0.204248,51.547183,1879.0,POINT (-0.204248 51.547183),524613.305546216,184670.9352739881
940GZZLUKBY,-0.27879,51.584845,1932.0,POINT (-0.27879 51.584845),519346.38642954174,188734.96142513602
940GZZLUKEN,-0.316946,51.581786,1917.0,POINT (-0.316946 51.581786),516710.8963080767,188333.27583992464
940GZZLUKNB,-0.160508,51.501669,1906.0,POINT (-0.160508 51.501669),527773.2846359944,179685.05022721883
940GZZLUKNG,-0.105963,51.488337,1890.0,POINT (-0.105963 51.488337),531597.2333131363,178299.06139687513
940GZZLUKOY,-0.210502,51.496156,1864.0,POINT (-0.210502 51.496156),524318.5299725563,178985.988950993
940GZZLUKPK,-0.194232,51.534979,1915.0,POINT (-0.194232 51.534979),525341.2763898919,183330.9154020716
940GZZLUKSH,-0.140545,51.550409,1907.0,POINT (-0.140545 51.550409),529020.9776398275,185140.00307470217
940GZZLUKSL,-0.22505,51.530545,1916.0,POINT (-0.22505 51.530545),523215.92367032333,182785.54541166243
940GZZLUKWG,-0.285148,51.477069,1877.0,POINT (-0.285148 51.477069),519186.8952522795,176739.506207699
940GZZLULAD,-0.210391,51.517449,1864.0,POINT (-0.210391 51.517449),524268.30589874997,181354.00301209878
940GZZLULBN,-0.112315,51.498808,1906.0,POINT (-0.112315 51.498808),531126.2263266243,179452.05633998103
940GZZLULGN,0.055476,51.641443,1948.0,POINT (0.055476 51.641443),542326.2066197554,195626.948689065
940GZZLULGT,-0.175494,51.511723,1900.0,POINT (-0.175494 51.511723),526705.3236339588,180777.04235558643
940GZZLULNB,-0.086807,51.505881,1900.0,POINT (-0.086807 51.505881),532876.0915098002,180284.53834012168
940GZZLULRD,-0.217799,51.513389,1868.0,POINT (-0.217799 51.513389),523765.342309588,180889.97947309684
940GZZLULSQ,-0.128426,51.511386,1906.0,POINT (-0.128426 51.511386),529972.2246804344,180822.02976888564
940GZZLULVT,-0.083162,51.51794,1875.0,POINT (-0.083162 51.51794),533093.8996259243,181632.1341920331
940GZZLULYN,-0.005523,51.556589,1947.0,POINT (-0.005523 51.556589),538363.0931739992,186073.9099016841
940GZZLULYS,0.008194,51.568324,1947.0,POINT (0.008194 51.568324),539278.1294195319,187404.902059899
940GZZLUMBA,-0.158953,51.513424,1900.0,POINT (-0.158953 51.513424),527848.3071539168,180994.93591503467
940GZZLUMDN,-0.194839,51.402142,1926.0,POINT (-0.194839 51.402142),525663.3071435405,168558.23314850574
940GZZLUMED,-0.03364,51.525122,1902.0,POINT (-0.03364 51.525122),536508.1225987562,182521.97732585424
940GZZLUMGT,-0.088627,51.518338,1865.0,POINT (-0.088627 51.518338),532713.594772869,181666.46903358912
940GZZLUMHL,-0.209986,51.608229,1941.0,POINT (-0.209986 51.608229),524049.24402191484,191449.7325656755
940GZZLUMMT,-0.085969,51.5107,1884.0,POINT (-0.085969 51.5107),532920.2244375453,180821.93580853345
940GZZLUMPK,-0.432454,51.629845,1910.0,POINT (-0.432454 51.629845),508593.4964211292,193499.75265744096
940GZZLUMRH,-0.096118,51.570738,1932.0,POINT (-0.096118 51.570738),532042.2422351504,187479.91765054897
940GZZLUMSH,-0.094009,51.512117,1871.0,POINT (-0.094009 51.512117),532358.2330819756,180964.94574806263
940GZZLUMTC,-0.138789,51.534679,1907.0,POINT (-0.138789 51.534679),529187.2409950941,183393.9026707168
940GZZLUMVL,-0.185758,51.529777,1915.0,POINT (-0.185758 51.529777),525943.3237993838,182766.97952435852
940GZZLUMYB,-0.163013,51.521602,1907.0,POINT (-0.163013 51.521602),527543.7624621431,181897.2646058511
940GZZLUNAN,-0.259755,51.523524,1923.0,POINT (-0.259755 51.523524),520827.38391354703,181946.99294766528
940GZZLUNBP,0.090004,51.575726,1947.0,POINT (0.090004 51.575726),544924.1732801631,188386.9762374524
940GZZLUNDN,-0.249837,51.553986,1880.0,POINT (-0.249837 51.553986),521434.3124849663,185350.86145891564
940GZZLUNEN,-0.288868,51.517505,1903.0,POINT (-0.288868 51.517505),518823.44660500874,181230.05235881353
940GZZLUNFD,-0.314719,51.499319,1908.0,POINT (-0.314719 51.499319),517076.4784983583,179166.10270998214
940GZZLUNGW,0.004295,51.500474,1999.0,POINT (0.004295 51.500474),539214.6720340926,179852.5620689956
940GZZLUNHA,-0.362408,51.584872,1915.0,POINT (-0.362408 51.584872),513553.47789366794,188604.9247356637
940GZZLUNHG,-0.196104,51.509128,1868.0,POINT (-0.196104 51.509128),525282.3524538393,180453.02619411726
940GZZLUNHT,-0.368699,51.548236,1948.0,POINT (-0.368699 51.548236),513208.5467247213,184521.09433032136
940GZZLUNKP,-0.318056,51.578481,1923.0,POINT (-0.318056 51.578481),516642.4555149541,187963.9639847179
940GZZLUNOW,-0.423829,51.611053,1887.0,POINT (-0.423829 51.611053),509235.5286287114,191422.83732157655
940GZZLUNWH,-0.409464,51.600572,1933.0,POINT (-0.409464 51.600572),510255.5196918772,190278.83829620824
940GZZLUNWY,-0.303992,51.56258,1917.0,POINT (-0.303992 51.56258),517657.9290979896,186218.15744642494
940GZZLUOAK,-0.132182,51.647726,1933.0,POINT (-0.132182 51.647726),529324.221807725,195976.87783980364
940GZZLUODS,-0.088193,51.526065,1901.0,POINT (-0.08819299999999999 51.526065),532721.2426271201,182526.50889434014
940GZZLUOSY,-0.352224,51.481274,1883.0,POINT (-0.352224 51.481274),514518.494859645,177100.1880665415
940GZZLUOVL,-0.112439,51.48185,1890.0,POINT (-0.112439 51.48185),531166.2436594749,177566.08879488608
940GZZLUOXC,-0.141903,51.515224,1900.0,POINT (-0.141903 51.515224),529026.2394343547,181224.9937496388
940GZZLUPCC,-0.133798,51.51005,1906.0,POINT (-0.133798 51.51005),529603.2619681282,180663.94748068228
940GZZLUPCO,-0.133761,51.489097,1972.0,POINT (-0.133761 51.489097),529665.259328961,178334.0171435355
940GZZLUPKR,-0.284341,51.527123,1903.0,POINT (-0.284341 51.527123),519112.44514609245,182306.95889124344
940GZZLUPLW,0.017451,51.531341,1902.0,POINT (0.017451 51.531341),540033.0856624853,183310.014457886
940GZZLUPNR,-0.381161,51.592901,1885.0,POINT (-0.381161 51.592901),512234.52716851636,189468.83109887625
940GZZLUPRD,-0.295107,51.571972,1908.0,POINT (-0.295107 51.571972),518249.4090197725,187276.92208743683
940GZZLUPSG,-0.20117,51.475277,1880.0,POINT (-0.20117 51.475277),525023.3194329264,176680.0724982035
940GZZLUPVL,-0.323446,51.536717,1947.0,POINT (-0.323446 51.536717),516375.416716543,183311.02670751972
940GZZLUPYB,-0.208731,51.468262,1880.0,POINT (-0.208731 51.468262),524517.3349192078,175887.12872940383
940GZZLUQBY,-0.286219,51.594188,1934.0,POINT (-0.286219 51.594188),518807.37150479027,189761.88410364348
940GZZLUQPS,-0.204882,51.534443,1915.0,POINT (-0.204882 51.534443),524604.1306516121,183253.1362091176
940GZZLUQWY,-0.187152,51.510312,1900.0,POINT (-0.187152 51.510312),525900.2873165712,180600.0366044052
940GZZLURBG,0.04536,51.576243,1947.0,POINT (0.04536 51.576243),541829.2004339537,188356.9624393587
940GZZLURGP,-0.146444,51.523344,1906.0,POINT (-0.146444 51.523344),528688.2907248491,182119.95971141453
940GZZLURKW,-0.473273,51.640247,1887.0,POINT (-0.473273 51.640247),505744.19659686106,194596.81695915584
940GZZLURMD,-0.301448,51.463152,1877.0,POINT (-0.301448 51.463152),518090.86896207347,175165.5276163288
940GZZLURSG,-0.41071,51.560736,1948.0,POINT (-0.41071 51.560736),510265.5463613373,185847.03511477058
940GZZLURSM,-0.412973,51.573202,1912.0,POINT (-0.412973 51.573202),510078.5955087513,187229.91368309822
940GZZLURSP,-0.421898,51.571354,1904.0,POINT (-0.421898 51.571354),509464.5513525106,187011.02340425528
940GZZLURSQ,-0.124285,51.523073,1906.0,POINT (-0.124285 51.523073),530226.2345478733,182128.98905173765
940GZZLURVP,-0.235881,51.494122,1877.0,POINT (-0.235881 51.494122),522562.3767296757,178717.05226875207
940GZZLURVY,0.043647,51.617199,1948.0,POINT (0.043647 51.617199),541583.1788242061,192908.01683480118
940GZZLURYL,-0.371127,51.575147,1906.0,POINT (-0.371127 51.575147),512973.54671531694,187509.9724783284
940GZZLURYO,-0.188748,51.519113,1871.0,POINT (-0.188748 51.519113),525765.3049009058,181575.98264293146
940GZZLUSBC,-0.219213,51.504791,1900.0,POINT (-0.219213 51.504791),523690.50827366376,179931.47477298015
940GZZLUSBM,-0.226375,51.505579,1864.0,POINT (-0.226375 51.505579),523191.3501503106,180007.0370143262
940GZZLUSEA,-0.307424,51.501003,1883.0,POINT (-0.307424 51.501003),517578.48007168924,179365.04529229773
940GZZLUSFB,-0.245704,51.494917,1912.0,POINT (-0.245704 51.494917),521878.3923858841,178789.07946713595
940GZZLUSFS,-0.206602,51.445073,1889.0,POINT (-0.206602 51.445073),524728.3258319729,173312.11465927446
940GZZLUSGN,-0.046596,51.521858,1902.0,POINT (-0.046596 51.521858),535619.1086824604,182134.9519756926
940GZZLUSGP,-0.275859,51.544041,1900.0,POINT (-0.275859 51.544041),519656.4473242026,184202.12896108726
940GZZLUSGT,-0.127816,51.632315,1933.0,POINT (-0.127816 51.632315),529670.2001834407,194270.8310248141
940GZZLUSHH,-0.352492,51.564888,1903.0,POINT (-0.352492 51.564888),514290.5367237503,186398.05580805754
940GZZLUSJP,-0.133608,51.499544,1868.0,POINT (-0.133608 51.499544),529646.2524953864,179496.00500366965
940GZZLUSJW,-0.173948,51.534521,1939.0,POINT (-0.173948 51.534521),526749.298885623,183314.89742302737
940GZZLUSKS,-0.174138,51.494094,1868.0,POINT (-0.174138 51.494094),526848.3409676503,178819.01624483347
940GZZLUSKT,-0.308448,51.570229,1933.0,POINT (-0.308448 51.570229),517329.40977077535,187061.6207489958
940GZZLUSKW,-0.122644,51.472184,1890.0,POINT (-0.122644 51.472184),530485.2210693251,176472.99706291122
940GZZLUSNB,0.02144,51.580678,1947.0,POINT (0.02144 51.580678),540158.1583055784,188804.03119686362
940GZZLUSPU,-0.097567,51.514936,1900.0,POINT (-0.097567 51.514936),532103.202869629,181271.99499332032
940GZZLUSRP,-0.399076,51.556893,1904.0,POINT (-0.399076 51.556893),511081.32988691056,185437.2688089526
940GZZLUSSQ,-0.156377,51.49227,1868.0,POINT (-0.156377 51.49227),528086.3252940627,178647.08166658826
940GZZLUSTM,-0.303266,51.619839,1932.0,POINT (-0.303266 51.619839),517560.3989339111,192586.83856272796
940GZZLUSUH,-0.336435,51.556946,1903.0,POINT (-0.336435 51.556946),515423.50062944996,185540.02474104398
940GZZLUSUT,-0.315745,51.550815,1903.0,POINT (-0.315745 51.550815),516873.39806559397,184891.04264310998
940GZZLUSVS,-0.073306,51.582931,1968.0,POINT (-0.073306 51.582931),533587.3853636321,188877.26981501514
940GZZLUSWC,-0.174894,51.543681,1939.0,POINT (-0.174894 51.543681),526658.2654609727,184331.87191180815
940GZZLUSWF,0.027338,51.591907,1947.0,POINT (0.027338 51.591907),540532.1827760215,190064.05904521473
940GZZLUSWK,-0.105331,51.50427,1999.0,POINT (-0.105331 51.50427),531595.2358436303,180071.956308709
940GZZLUSWN,-0.192005,51.415309,1926.0,POINT (-0.192005 51.415309),525824.3062091774,170027.27639961493
940GZZLUTAW,-0.17921,51.630597,1940.0,POINT (-0.17921 51.630597),526118.2649497426,193989.8732024919
940GZZLUTBC,-0.159736,51.435678,1926.0,POINT (-0.159736 51.435678),528011.2170462698,172348.1166463775
940GZZLUTBY,-0.168374,51.42763,1926.0,POINT (-0.168374 51.42763),527433.2219210473,171438.1502909002
940GZZLUTCR,-0.13041,51.516426,1900.0,POINT (-0.13041 51.516426),529820.2342044186,181378.964471753
940GZZLUTFP,-0.138433,51.556822,1907.0,POINT (-0.138433 51.556822),529149.2458115958,185856.86524718907
940GZZLUTHB,0.103085,51.671759,1949.0,POINT (0.103085 51.671759),545523.1662428656,199091.7550770752
940GZZLUTMH,-0.06024,51.588315,1968.0,POINT (-0.06024 51.588315),534476.7161253644,189499.94955371192
940GZZLUTMP,-0.11426,51.511006,1870.0,POINT (-0.11426 51.511006),530956.2650302154,180805.0026875856
940GZZLUTNG,-0.254555,51.495148,1877.0,POINT (-0.254555 51.495148),521263.39587623335,178800.087599796
940GZZLUTPN,-0.102953,51.590272,1932.0,POINT (-0.102953 51.590272),531512.2539830402,189639.8546318999
940GZZLUTWH,-0.076546,51.509971,1882.0,POINT (-0.076546 51.509971),533576.2027203738,180758.02597232704
940GZZLUUPB,0.235809,51.55856,1934.0,POINT (0.235809 51.55856),555085.1047640804,186776.95334661013
940GZZLUUPK,0.035263,51.53534,1902.0,POINT (0.035263 51.53534),541256.1270965033,183788.96320756705
940GZZLUUPM,0.250855,51.558659,1902.0,POINT (0.250855 51.558659),556127.6270315446,186819.9442075098
940GZZLUUPY,0.10153,51.538372,1932.0,POINT (0.10153 51.538372),545842.1190593956,184256.06733925734
940GZZLUUXB,-0.477949,51.546565,1904.0,POINT (-0.477949 51.546565),505637.5436243579,184171.92540827574
940GZZLUVIC,-0.143826,51.495812,1868.0,POINT (-0.143826 51.495812),528947.5892942005,179062.97071246285
940GZZLUVXL,-0.123303,51.485739,1971.0,POINT (-0.123303 51.485739),530400.8448468214,177979.16168845928
940GZZLUWAF,-0.417377,51.657446,1925.0,POINT (-0.417377 51.657446),509570.4525763822,196591.61063173309
940GZZLUWBN,-0.195593,51.487168,1869.0,POINT (-0.195593 51.487168),525378.0329409948,178011.90705448342
940GZZLUWCY,-0.224297,51.511959,1947.0,POINT (-0.224297 51.511959),523318.3354076599,180720.00344096858
940GZZLUWFN,-0.188362,51.609426,1940.0,POINT (-0.188362 51.609426),525543.2388697076,191619.761480805
940GZZLUWHW,-0.3534,51.57971,1913.0,POINT (-0.3534 51.57971),514190.4676269905,188044.91580395552
940GZZLUWIG,-0.221537,51.549146,1879.0,POINT (-0.221537 51.549146),523409.2695713631,184859.94265972072
940GZZLUWIP,-0.199719,51.434573,1889.0,POINT (-0.199719 51.434573),525235.3036684763,172156.2380455695
940GZZLUWJN,-0.243006,51.532556,1915.0,POINT (-0.243006 51.532556),521965.13260701054,182979.1261161841
940GZZLUWKA,-0.183783,51.523263,1915.0,POINT (-0.183783 51.523263),526098.3002328636,182046.00758557435
940GZZLUWKN,-0.206636,51.490459,1874.0,POINT (-0.206636 51.490459),524602.4024114027,178359.03818564437
940GZZLUWLA,-0.22453,51.509669,2008.0,POINT (-0.22453 51.509669),523308.34950307367,180464.9580279648
940GZZLUWLO,-0.113356,51.504269,1906.0,POINT (-0.113356 51.504269),531038.3134243167,180057.46046046808
940GZZLUWOF,0.03397,51.606899,1856.0,POINT (0.03397 51.606899),540945.1554562288,191743.95744686067
940GZZLUWOG,-0.109886,51.597479,1932.0,POINT (-0.109886 51.597479),531011.2971841134,190428.85644799256
940GZZLUWOP,-0.18542,51.618014,1940.0,POINT (-0.18542 51.618014),525723.2416234595,192579.86361980066
940GZZLUWPL,-0.059858,51.519498,1884.0,POINT (-0.059858 51.519498),534706.070483645,181848.0292760337
940GZZLUWRP,-0.437816,51.569721,1948.0,POINT (-0.437816 51.569721),508365.3040636921,186805.72433599713
940GZZLUWRR,-0.138321,51.524951,1907.0,POINT (-0.138321 51.524951),529247.23488446,182312.96284950123
940GZZLUWSD,0.028527,51.575501,1947.0,POINT (0.028527 51.575501),540665.1309454564,188241.93682143767
940GZZLUWSM,-0.125984,51.501603,1868.0,POINT (-0.125984 51.501603),530169.5394683945,179738.4866316318
940GZZLUWSP,-0.201065,51.52111,1866.0,POINT (-0.201065 51.52111),524905.3270926201,181776.97715360252
940GZZLUWTA,-0.28098,51.518001,1923.0,POINT (-0.28098 51.518001),519369.42223048443,181298.02867826034
940GZZLUWWL,-0.019842,51.582948,1968.0,POINT (-0.019842 51.582948),537291.1699015379,188978.13356860034
940GZZLUWYC,-0.296642,51.55232,1917.0,POINT (-0.296642 51.55232),518193.90930449235,185089.05029968737
940GZZLUWYP,-0.279262,51.563198,1894.0,POINT (-0.279262 51.563198),519370.3686813544,186326.91503616876
KND,-0.211,51.295,1897.0,POINT (-0.211 51.295),524829.7411380962,156616.3259621405
TAD,-0.236,51.292,1900.0,POINT (-0.236 51.292),523094.8135379941,156240.6197734843
TAT,-0.2426,51.3092,1901.0,POINT (-0.2426 51.3092),522588.8446027059,158142.24431836797
King's Cross & St Pancras International,-0.123538,51.531683,1852.0,POINT (-0.123538 51.531683),530253.4896661785,183087.75596628647
Paddington,-0.17616,51.516981,1863.0,POINT (-0.17616 51.516981),526644.5316368476,181360.58895626583
Stratford,-0.00241,51.541508,1839.0,POINT (-0.00241 51.541508),538624.6851576614,184402.7683918663
West Ham,0.004997,51.528178,1901.0,POINT (0.004997 51.528178),539178.9331819392,182934.5189534552
West Hampstead,-0.191357,51.547533,1879.0,POINT (-0.191357 51.547533),525506.132990238,184731.875337134
Wimbledon,-0.206444,51.421505,1838.0,POINT (-0.206444 51.421505),524803.4368691749,170691.61193469854
